Location,Name,Frequency,Duplex,Offset,Tone,rToneFreq,cToneFreq,Mode,TStep,Comment
1,SR0CK,439.062500,-,7.600000,Tone,77.0,77.0,FM,12.5,Serock
2,SR0DZ,439.537500,-,7.600000,,88.5,77.0,FM,12.5,Serock
3,SR0WW,438.825000,-,7.600000,Tone,82.5,82.5,FM,12.5,Wolin
6,SR1G,145.625000,-,0.600000,Tone,88.5,88.5,FM,12.5,Kołobrzeg
7,SR1K,145.700000,-,0.600000,Tone,82.5,82.5,FM,12.5,Stargard
9,SR1KN,438.675000,-,7.600000,,88.5,88.5,FM,12.5,Koszalin Góra Chełmska - wieża widokowa
10,SR1N,145.675000,-,0.600000,,88.5,88.5,FM,12.5,Koszalin
11,SR1RE,439.150000,-,7.600000,Tone,88.5,88.5,FM,12.5,Resko
12,SR1RG,438.875000,-,7.600000,Tone,82.5,82.5,FM,12.5,Trzebiatów
13,SR1SZ,439.075000,-,7.600000,Tone,82.5,82.5,FM,12.5,Szczecin
14,SR1UVH,439.025000,-,7.600000,,88.5,88.5,DV,12.5,Świnoujście
15,SR1UVS,439.412500,-,7.600000,,88.5,88.5,DV,12.5,Szczecin
18,SR1W,145.612500,-,0.600000,Tone,82.5,82.5,FM,12.5,Świnoujście
19,SR1WA,439.400000,-,7.600000,Tone,82.5,82.5,FM,12.5,Wałcz
21,SR1WU,438.725000,-,7.600000,Tone,82.5,82.5,FM,12.5,Świnoujście
23,SR1Z,145.637500,-,0.600000,Tone,82.5,82.5,FM,12.5,Kołowo EMITEL
24,SR1ZK-B,439.300000,-,7.600000,,88.5,88.5,DV,12.5,Kołowo
27,SR2BG,145.725000,-,0.600000,Tone,67.0,67.0,FM,12.5,Bydgoszcz
28,SR2BT,439.100000,-,7.600000,Tone,77.0,77.0,FM,12.5,Bory Tucholskie
29,SR2BW,438.700000,-,7.600000,,88.5,88.5,FM,12.5,Bytów - komin ciepłowni Veolia Północ
30,SR2BY,438.725000,-,7.600000,Tone,67.0,67.0,FM,12.5,Bydgoszcz
31,SR2C,145.600000,-,0.600000,Tone,94.8,94.8,FM,12.5,Chwaszczyno EMITEL
34,SR2EL,439.550000,-,7.600000,Tone,94.8,94.8,FM,12.5,Elbląg
35,SR2FM,439.537500,-,7.600000,Tone,74.4,74.4,FM,12.5,Szubin - Jabłowo Pałuckie / wieża p.poż
37,SR2GA,438.975000,-,7.600000,Tone,94.8,94.8,FM,12.5,Władysławowo
38,SR2GD,439.075000,-,7.600000,Tone,94.8,94.8,FM,12.5,Gdańsk
39,SR2GD-C,439.087500,-,7.600000,Tone,94.8,94.8,FM,12.5,Gdańsk
40,SR2GDA,439.350000,-,7.600000,Tone,94.8,94.8,FM,12.5,Smętowo Graniczne
42,SR2GN,439.325000,-,7.600000,Tone,94.8,94.8,FM,12.5,Gniewino - Wieża widokowa
43,SR2GR,439.200000,-,7.600000,Tone,94.8,88.5,FM,12.5,Grudziądz
44,SR2GRU,145.687500,-,0.600000,Tone,94.8,88.5,FM,12.5,Grudziądz
45,SR2GS,438.550000,-,7.600000,Tone,94.8,94.8,FM,12.5,Chwaszczyno
46,SR2GT,439.025000,-,7.600000,Tone,94.8,94.8,FM,12.5,Chwaszczyno EMITEL
48,SR2J,145.587500,-,0.600000,Tone,74.4,74.4,FM,12.5,Szubin - Jabłowo Pałuckie / wieża p.poż
49,SR2JJ,439.162500,-,7.600000,Tone,74.4,74.4,FM,12.5,Szubin - Jabłowo Pałuckie / wieża p.poż
50,SR2K,145.712500,-,0.600000,Tone,88.5,88.5,FM,12.5,Toruń
51,SR2KU,439.425000,-,7.600000,Tone,94.8,94.8,FM,12.5,Wieżyca
52,SR2KY,439.250000,-,7.600000,,88.5,88.5,FM,12.5,Kwidzyn
55,SR2PA,439.300000,-,7.600000,Tone,94.8,94.8,FM,12.5,Pasłęk
56,SR2PB,145.737500,-,0.600000,Tone,88.5,88.5,FM,12.5,Brodnica
57,SR2SL,438.750000,-,7.600000,,88.5,88.5,FM,12.5,Słupsk
58,SR2SWR,438.775000,-,7.600000,Tone,88.5,88.5,FM,12.5,Toruń
59,SR2T,145.775000,-,0.600000,,88.5,88.5,FM,12.5,Toruń
60,SR2UVF,438.937500,-,7.600000,,88.5,88.5,DV,12.5,Bydgoszcz
62,SR2UVG-B,438.687500,-,7.600000,,88.5,88.5,DV,12.5,Chwaszczyno EMITEL
63,SR2UVO,438.962500,-,7.600000,,88.5,88.5,DV,12.5,Włocławek
64,SR2UVV-B,439.362500,-,7.600000,,88.5,88.5,DV,12.5,Szubin - Jabłowo Pałuckie / wieża p.poż
65,SR2VV,439.137500,-,7.600000,Tone,74.4,74.4,FM,12.5,Szubin
66,SR2VV-B,145.750000,-,0.600000,,88.5,74.4,FM,12.5,Szubin
67,SR2VVV,439.337500,-,7.600000,,88.5,88.5,DV,12.5,Szubin
68,SR2VVV-B,438.812500,-,7.600000,,88.5,88.5,DV,12.5,Szubin
70,SR2WL,439.025000,-,7.600000,Tone,82.5,88.5,FM,12.5,Włocławek
71,SR2Z,145.650000,-,0.600000,Tone,94.8,94.8,FM,12.5,Gdynia-Oksywie EMITEL
75,SR3DOS,438.287500,-,7.600000,,88.5,88.5,DV,12.5,Ostrów Wielkopolski
79,SR3G,145.750000,-,0.600000,Tone,77.0,77.0,FM,12.5,Gorzów Wielkopolski
80,SR3GW,438.950000,-,7.600000,Tone,77.0,88.5,FM,12.5,Gorzów Wielkopolski - lokalny
81,SR3J,439.500000,-,7.600000,Tone,79.7,79.7,FM,12.5,RTCN Jemiołów/Łagów maszt EmiTel
82,SR3JA,438.975000,-,7.600000,Tone,110.9,110.9,FM,12.5,Jarocin, ul. Kościuszki 43
83,SR3K,145.750000,-,0.600000,,88.5,88.5,FM,12.5,Kalisz
85,SR3KH,438.800000,-,7.600000,,88.5,88.5,FM,12.5,Koło - ZST
88,SR3L,145.775000,-,0.600000,Tone,103.5,103.5,FM,12.5,Leszno
89,SR3LS,439.275000,-,7.600000,Tone,103.5,103.5,FM,12.5,Leszno
90,SR3LW,439.125000,-,7.600000,Tone,110.9,110.9,FM,12.5,Lwówek
92,SR3MDW,439.225000,-,7.600000,Tone,103.5,103.5,FM,12.5,Leszno
93,SR3N,145.687500,-,0.600000,Tone,110.9,110.9,FM,12.5,Piła
94,SR3O,145.725000,-,0.600000,Tone,103.5,88.5,FM,12.5,Ostrów Wielkopolski
95,SR3P,145.650000,-,0.600000,Tone,110.9,110.9,FM,12.5,Poznań - Dębiec
96,SR3PB,438.875000,-,7.600000,Tone,110.9,110.9,FM,12.5,Pobiedziska
97,SR3PI,439.050000,-,7.600000,Tone,67.0,67.0,FM,12.5,Piła
98,SR3PO,439.200000,-,7.600000,Tone,110.9,110.9,FM,12.5,Poznań
99,SR3PX,438.900000,-,7.600000,Tone,110.9,110.9,FM,12.5,Słomowo
100,SR3SN,439.100000,-,7.600000,Tone,100.0,100.0,FM,12.5,Świebodzin
101,SR3T,145.637500,-,0.600000,Tone,110.9,110.9,FM,12.5,Malanów
102,SR3UVJ,438.412500,-,7.600000,,88.5,88.5,DV,12.5,RTCN Jemiołów/Łagów maszt EmiTel
103,SR3UVL,439.237500,-,7.600000,,88.5,88.5,DV,12.5,Leszno
104,SR3WT,439.325000,-,7.600000,Tone,110.9,110.9,FM,12.5,Wolsztyn
105,SR3X,145.762500,-,0.600000,Tone,110.9,110.9,FM,12.5,Poznań
106,SR3XX,439.025000,-,7.600000,Tone,110.9,110.9,FM,12.5,Poznań
107,SR3XXX,438.700000,-,7.600000,Tone,110.9,110.9,FM,12.5,RTCN Poznań/Śrem, maszt EmiTel, adres Góra 42 koło Śremu
108,SR3Z,145.712500,-,0.600000,Tone,71.9,71.9,FM,12.5,Zielona Góra
110,SR3ZG,439.075000,-,7.600000,Tone,203.5,203.5,FM,12.5,Zielona Góra
111,SR3ZJ,438.750000,-,7.600000,Tone,79.7,79.7,FM,12.5,RTCN Jemiołów/Łagów maszt EmiTel
112,SR3ZX,439.350000,-,7.600000,,88.5,88.5,DV,12.5,Zielona Góra
113,SR4BA,438.537500,-,7.600000,Tone,67.0,67.0,FM,12.5,Kiertyny Małe k/Bartoszyc
115,SR4BS,439.025000,-,7.600000,Tone,67.0,67.0,FM,12.5,Białystok
117,SR4D,145.787500,-,0.600000,Tone,67.0,67.0,FM,12.5,Miłki k/Giżycka  EMITEL
120,SR4DGT,438.575000,-,7.600000,Tone,67.0,67.0,FM,12.5,Góra Dylewska EMITEL
122,SR4EL,439.050000,-,7.600000,Tone,94.8,94.8,FM,12.5,Elbląg
123,SR4J,145.625000,-,0.600000,Tone,67.0,67.0,FM,12.5,Góra Dylewska EMITEL
125,SR4L,438.100000,-,7.600000,,88.5,88.5,DV,12.5,Łomża
126,SR4LG,438.725000,-,7.600000,Tone,67.0,67.0,FM,12.5,Giełczyn
127,SR4LO,439.100000,-,7.600000,Tone,67.0,67.0,FM,12.5,Łomża - maszt
128,SR4LU,439.375000,-,7.600000,Tone,67.0,67.0,FM,12.5,LUBAWA
129,SR4MI,438.750000,-,7.600000,Tone,67.0,67.0,FM,12.5,Miłki k/Giżycka EMITEL
132,SR4MO,438.450000,-,7.600000,Tone,67.0,67.0,FM,12.5,
133,SR4MR,439.150000,-,7.600000,Tone,67.0,67.0,FM,12.5,Mrągowo - wieża ciśnień wodociągów
134,SR4MWO,438.150000,-,7.600000,Tone,67.0,67.0,FM,12.5,Mrągowo
135,SR4O,145.725000,-,0.600000,,88.5,67.0,FM,12.5,Olsztyn
137,SR4ON,438.675000,-,7.600000,Tone,67.0,67.0,FM,12.5,Olsztyn
139,SR4OS,438.400000,-,7.600000,Tone,67.0,67.0,FM,12.5,Ostróda
140,SR4PA,439.000000,-,7.600000,Tone,94.8,94.8,FM,12.5,Pasłęk, pow. elbląski
141,SR4PA,145.775000,-,0.600000,Tone,94.8,94.8,FM,12.5,Pasłęk
142,SR4PL,439.575000,-,7.600000,Tone,67.0,67.0,FM,12.5,Podleśna 66
143,SR4RS,145.700000,-,0.600000,Tone,67.0,67.0,FM,12.5,Białystok
144,SR4S,145.575000,-,0.600000,Tone,67.0,67.0,FM,12.5,Sokółka
145,SR4SA,439.375000,-,7.600000,Tone,67.0,67.0,FM,12.5,Sokółka
146,SR4SN,438.875000,-,7.600000,Tone,67.0,88.5,FM,12.5,Szczytno
147,SR4SU,438.800000,-,7.600000,Tone,67.0,67.0,FM,12.5,Jeleniewo
148,SR4SUU,438.900000,-,7.600000,,88.5,88.5,FM,12.5,Suwałki, ul. Mickiewicza 15
149,SR4SUW,434.700000,+,0.000000,Tone,67.0,67.0,FM,12.5,Suwałki
150,SR4U,145.725000,-,0.600000,,88.5,88.5,FM,12.5,Białystok
151,SR4UBI,439.425000,-,7.600000,,88.5,88.5,DV,12.5,Białystok
152,SR4UG,438.775000,-,7.600000,,88.5,88.5,DV,12.5,Giby
153,SR4UVD,439.512500,-,7.600000,,88.5,88.5,DV,12.5,Góra Dylewska EMITEL
154,SR4UVE,438.600000,-,7.600000,Tone,94.8,88.5,FM,12.5,Pasłęk
155,SR4UVM,439.487500,-,7.600000,,88.5,88.5,DV,12.5,Miłki k/Giżycka  EMITEL
156,SR4UVN,439.462500,-,7.600000,,88.5,88.5,DV,12.5,Olsztyn
157,SR4WA,438.125000,-,7.600000,Tone,67.0,67.0,FM,12.5,Wawrowice
158,SR4X,145.600000,-,0.600000,Tone,67.0,88.5,FM,12.5,Juchnowiec
159,SR5CI,438.437500,-,7.600000,Tone,127.3,88.5,FM,12.5,Ciechanów
163,SR5E,439.375000,-,7.600000,Tone,127.3,127.3,FM,12.5,Warszawa-Ochota, ul. Częstochowska
165,SR5FWG,438.250000,-,7.600000,Tone,127.3,127.3,FM,12.5,Garwolin
166,SR5GM,439.225000,-,7.600000,Tone,127.3,127.3,FM,12.5,Grodzisk Mazowiecki
167,SR5KPN,438.200000,split,430.600000,Tone,127.3,127.3,FM,12.5,Zamczysko
169,SR5MM,438.950000,-,7.600000,Tone,127.3,127.3,FM,12.5,Mińsk Mazowiecki
171,SR5ND,439.425000,-,7.600000,Tone,127.3,127.3,FM,12.5,Nowy Dwór Mazowiecki
172,SR5NRD,438.975000,split,431.375000,Tone,127.3,88.5,FM,12.5,Cybulin
173,SR5O,145.675000,-,0.600000,Tone,127.3,127.3,FM,12.5,Ostrołęka
174,SR5OK,439.262500,-,7.600000,,88.5,88.5,DV,12.5,Kadzidło
176,SR5OS,439.050000,-,7.600000,Tone,67.0,67.0,FM,12.5,Ostrołęka
177,SR5PL,439.125000,-,7.600000,Tone,127.3,127.3,FM,12.5,Płock
178,SR5POT,439.150000,-,7.600000,Tone,127.3,127.3,FM,12.5,Warszawa, ul. Chełmżyńska
179,SR5PR,439.175000,-,7.600000,,88.5,88.5,FM,12.5,Pruszków
181,SR5R,145.600000,-,0.600000,Tone,127.3,88.5,FM,12.5,Pruszków
182,SR5RA,438.925000,-,7.600000,Tone,118.8,118.8,FM,12.5,Radom
183,SR5RAD,145.787500,-,0.600000,Tone,118.8,118.8,FM,12.5,RADOM - maszt Emitel
184,SR5RK,438.750000,-,7.600000,Tone,118.8,118.8,FM,12.5,Kozłowiec - Przysucha RTCN
185,SR5RR,439.275000,-,7.600000,Tone,127.3,127.3,FM,12.5,Warszawa - Mokotów, ul. Iberyjska
186,SR5S,145.612500,-,0.600000,Tone,127.3,127.3,FM,12.5,Siedlce
187,SR5SE,438.750000,-,7.600000,Tone,127.3,127.3,FM,12.5,Siedlce
188,SR5U,145.775000,-,0.600000,,88.5,88.5,FM,12.5,Warszawa Ursus
189,SR5UOS,438.912500,-,7.600000,,88.5,88.5,DV,12.5,Ostrołęka
190,SR5UR,439.300000,-,7.600000,Tone,127.3,88.5,FM,12.5,Warszawa Ursus
191,SR5UVR,438.525000,-,7.600000,,88.5,88.5,DV,12.5,Radom
192,SR5VW,438.825000,-,7.600000,Tone,67.0,67.0,FM,12.5,Różan EMITEL
193,SR5W,145.750000,-,0.600000,Tone,127.3,127.3,FM,12.5,Warszawa - komin EC Kawęczyn
195,SR5WC,438.600000,-,7.600000,,88.5,88.5,DV,12.5,Moszna-Parcela komin Elektrociepłowni Pruszków II
197,SR5WP,438.625000,-,7.600000,Tone,127.3,127.3,FM,12.5,Moszna-Parcela komin Elektrociepłowni Pruszków II
200,SR5WZ,439.000000,-,7.600000,Tone,127.3,127.3,FM,12.5,Moszna-Parcela komin Elektrociepłowni Pruszków II
201,SR5ZIP,439.250000,-,7.600000,Tone,127.3,127.3,FM,12.5,Warszawa
202,SR5ZU,438.700000,-,7.600000,Tone,88.5,88.5,FM,12.5,Żuromin
203,SR6AA,439.400000,-,7.600000,Tone,67.0,88.5,FM,12.5,Legnica
204,SR6ACZ,438.950000,-,7.600000,Tone,103.5,103.5,FM,12.5,Wrocław
205,SR6B,145.762500,-,0.600000,Tone,77.0,77.0,FM,12.5,Działoszyn - stacja meteo
206,SR6C,439.250000,-,7.600000,Tone,67.0,67.0,FM,12.5,Bolesławiec
207,SR6DA,439.137500,-,7.600000,,88.5,88.5,FM,12.5,Dalachów
209,SR6DKB,438.262500,-,7.600000,,88.5,88.5,DV,12.5,Krapkowice
211,SR6DST,145.687500,-,0.600000,Tone,123.0,123.0,FM,12.5,Strzelin, Wieża Ciśnień
212,SR6DWS,438.462500,-,7.600000,,88.5,88.5,DV,12.5,Wielka Sowa
213,SR6G,145.625000,-,0.600000,Tone,94.8,94.8,FM,12.5,Góra Ślęża EMITEL
214,SR6GL,438.750000,-,7.600000,,88.5,88.5,FM,12.5,Głubczyce
215,SR6J,145.675000,-,0.600000,Tone,67.0,67.0,FM,12.5,Góra Szrenica/Szklarska Poręba
216,SR6JG,438.675000,-,7.600000,Tone,67.0,67.0,FM,12.5,Góra Kopa/Karpacz
217,SR6K,145.737500,-,0.600000,,88.5,88.5,FM,12.5,Jugów
218,SR6L,439.200000,-,7.600000,Tone,67.0,67.0,FM,12.5,Legnica
219,SR6LWS,439.287500,-,7.600000,Tone,94.8,94.8,FM,12.5,Wielka Sowa
220,SR6LZM,438.600000,-,7.600000,Tone,103.5,103.5,FM,12.5,Żmigród
221,SR6MA,438.725000,-,7.600000,Tone,94.8,88.5,FM,12.5,Góra Ślęża EMITEL
222,SR6MI,439.337500,-,7.600000,Tone,67.0,88.5,FM,12.5,Miłkowice
223,SR6MRU,439.300000,-,7.600000,,88.5,88.5,FM,12.5,Wrocław
224,SR6NR,439.425000,-,7.600000,Tone,94.8,88.5,FM,12.5,Nowa Ruda-Słupiec
225,SR6OA,438.875000,-,7.600000,Tone,123.0,123.0,FM,12.5,Oława
226,SR6OO,439.250000,-,7.600000,Tone,123.0,123.0,FM,12.5,Olesno
227,SR6OP,439.325000,-,7.600000,Tone,94.8,94.8,FM,12.5,Opole
228,SR6PS,438.800000,-,7.600000,Tone,94.8,94.8,FM,12.5,Świdnica
229,SR6R,145.600000,-,0.600000,Tone,103.5,103.5,FM,12.5,Wrocław
230,SR6RC,438.100000,-,7.600000,Tone,103.5,103.5,FM,12.5,Wrocław
232,SR6S,145.787500,-,0.600000,Tone,94.8,94.8,FM,12.5,Wielka Sowa
234,SR6TT,439.225000,-,7.600000,Tone,67.0,67.0,FM,12.5,59-420 BOLKÓW STARE ROCHOWICE 116
235,SR6TW,438.750000,-,7.600000,,88.5,88.5,DV,12.5,Chełstów
236,SR6UKB,439.262500,-,7.600000,Tone,94.8,94.8,FM,12.5,Kopa Biskupia
238,SR6UPK,438.537500,-,7.600000,Tone,67.0,88.5,FM,12.5,50.763453, 15.639642
239,SR6UVO,439.387500,-,7.600000,Tone,94.8,94.8,FM,12.5,Elektrownia Opole, Brzezie k/Opola
240,SR6UVW,439.012500,-,7.600000,,88.5,88.5,DV,12.5,Wrocław - Dom Akademicki
241,SR6UVX,439.412500,-,7.600000,Tone,103.5,88.5,FM,12.5,Żmigród
242,SR6UVY,439.212500,-,7.600000,,88.5,88.5,FM,12.5,Oława
243,SR6W,145.662500,-,0.600000,Tone,94.8,94.8,FM,12.5,Wałbrzych
244,SR6WB,439.362500,-,7.600000,Tone,94.8,88.5,FM,12.5,Wałbrzych
245,SR6WR,438.850000,-,7.600000,Tone,103.5,103.5,FM,12.5,Wrocław
246,SR6WRC,430.175000,split,70.260000,Tone,103.5,88.5,FM,12.5,Mokronos Gorny
247,SR6WS,438.925000,-,7.600000,Tone,94.8,94.8,FM,12.5,Wielka Sowa
248,SR6WY,439.075000,-,7.600000,Tone,71.9,71.9,FM,12.5,Wysoka k. Góry Św Anny
250,SR7ABZ,145.275000,-,0.600000,Tone,88.5,88.5,FM,12.5,Busko-Zdrój
251,SR7DBZ,438.562500,-,7.600000,,88.5,88.5,FM,12.5,Busko-Zdroj
256,SR7E,145.762500,-,0.600000,Tone,77.0,77.0,FM,12.5,Bełchatów
259,SR7KGO,145.275000,split,433.250000,Tone,88.5,88.5,FM,12.5,Busko-Zdrój
260,SR7KI,438.725000,-,7.600000,Tone,88.5,88.5,FM,12.5,RTCN Święty Krzyż EmiTel - Łysa Góra/Nowa Słupia
261,SR7KU,438.925000,-,7.600000,Tone,82.5,88.5,FM,12.5,Kutno
262,SR7L,145.675000,-,0.600000,Tone,77.0,88.5,FM,12.5,Łódź
263,SR7LD,439.075000,-,7.600000,Tone,77.0,77.0,FM,12.5,Łódź
266,SR7LDZ,438.350000,-,7.600000,Tone,77.0,77.0,FM,12.5,Łódź
269,SR7OS,439.475000,-,7.600000,Tone,71.9,71.9,FM,12.5,Ostrowiec Świętokrzyski
270,SR7PB,438.650000,-,7.600000,,88.5,118.8,FM,12.5,Bałtów
272,SR7SC,439.325000,-,7.600000,Tone,118.8,118.8,FM,12.5,Skierniewice
273,SR7SI,438.825000,-,7.600000,Tone,77.0,77.0,FM,12.5,Sieradz
274,SR7ST,439.150000,-,7.600000,Tone,110.9,110.9,FM,12.5,Staszów - wieża   Polkomtel Sp. z o.o. - Plus
276,SR7TCW,438.125000,split,145.300000,,88.5,88.5,FM,12.5,Złota
277,SR7TM,438.675000,-,7.600000,Tone,118.8,118.8,FM,12.5,Tomaszów Mazowiecki
278,SR7UAL,438.650000,-,7.600000,,88.5,88.5,DV,12.5,Łódź
280,SR7UTM,439.100000,-,7.600000,,88.5,88.5,DV,12.5,Tomaszów Mazowiecki
281,SR7UVK-B,439.125000,-,7.600000,,88.5,88.5,DV,12.5,Łysa Góra/Nowa Słupia - RTCN Święty Krzyż EmiTel
282,SR7UVL-B,439.450000,-,7.600000,,88.5,88.5,DV,12.5,Łódź
283,SR7UVV,439.487500,-,7.600000,,88.5,88.5,DV,12.5,Góra Kamieńsk wieża EmiTel
284,SR7UWI,438.525000,-,7.600000,,88.5,88.5,DV,12.5,Czastary
285,SR7V,145.625000,-,0.600000,Tone,88.5,88.5,FM,12.5,RTCN Święty Krzyż EmiTel - Łysa Góra/Nowa Słupia
286,SR7VV,439.112500,-,7.600000,Tone,77.0,77.0,FM,12.5,Góra Kamieńsk wieża EmiTel
287,SR7W,145.700000,-,0.600000,,88.5,77.0,FM,12.5,Wieluń
288,SR7WI,439.000000,-,7.600000,,88.5,88.5,FM,12.5,Działoszyn
289,SR7Z,145.600000,-,0.600000,Tone,77.0,88.5,FM,12.5,Łódź
290,SR7ZD,438.900000,-,7.600000,Tone,77.0,88.5,FM,12.5,Zduńska Wola
291,SR8AGA,439.350000,-,7.600000,Tone,103.5,88.5,FM,12.5,Domaradz
292,SR8AVB,439.012500,-,7.600000,,88.5,88.5,DV,12.5,Biała Podlaska
293,SR8B,145.787500,-,0.600000,Tone,71.9,71.9,FM,12.5,Leżajsk
294,SR8BB,438.875000,-,7.600000,Tone,103.5,103.5,FM,12.5,Bereżnica Wyżna
295,SR8BD,438.875000,-,7.600000,Tone,103.5,103.5,FM,12.5,Biała Podlaska Pec
296,SR8BP,438.650000,-,7.600000,Tone,79.7,79.7,FM,12.5,Chotycze / Łosice
297,SR8CH,438.675000,-,7.600000,Tone,77.0,77.0,FM,12.5,Chełm
298,SR8D,145.650000,-,0.600000,Tone,79.7,79.7,FM,12.5,Chotycze / Łosice
299,SR8DE,439.300000,-,7.600000,Tone,103.5,88.5,FM,12.5,Dębica
300,SR8DEF,438.425000,-,7.600000,Tone,103.5,88.5,FM,12.5,Dębica
304,SR8ET,439.200000,-,7.600000,Tone,71.9,71.9,FM,12.5,Sanok - Urząd Miasta
306,SR8J,145.700000,-,0.600000,,88.5,88.5,FM,12.5,Jarosław
307,SR8JR,439.250000,-,7.600000,Tone,67.0,67.0,FM,12.5,Jarosław
308,SR8JS,438.800000,-,7.600000,,88.5,103.5,FM,12.5,Jasło - Góra Liwocz
309,SR8KP,439.575000,-,7.600000,Tone,71.9,71.9,FM,12.5,Leżajsk-Giedlarowa
310,SR8KSR,438.925000,-,7.600000,Tone,103.5,103.5,FM,12.5,Krosno
311,SR8L,145.675000,-,0.600000,Tone,67.0,67.0,FM,12.5,RTCN Lublin / Boży Dar (Emitel)
312,SR8LBD,438.575000,-,7.600000,Tone,77.0,77.0,FM,12.5,RTCN Lublin / Boży Dar (Emitel)
313,SR8LKR,438.550000,-,7.600000,Tone,67.0,67.0,FM,12.5,Kraśnik
314,SR8LLB,439.250000,-,7.600000,Tone,77.0,77.0,FM,12.5,Lubartów
315,SR8LN,438.675000,-,7.600000,Tone,67.0,67.0,FM,12.5,Lublin
316,SR8LSW,439.025000,-,7.600000,Tone,110.9,110.9,FM,12.5,Świdnik
317,SR8LU,439.050000,-,7.600000,Tone,67.0,67.0,FM,12.5,Lublin
319,SR8LW,438.700000,-,7.600000,Tone,67.0,67.0,FM,12.5,Łuków (Zbożowa 2)
320,SR8MBR,50.540000,split,432.600000,Tone,71.9,71.9,FM,12.5,Tyczyn, Lasek
321,SR8NP,145.762500,-,0.600000,,88.5,186.2,FM,12.5,Przemyśl
322,SR8PL,439.087500,-,7.600000,Tone,118.8,118.8,FM,12.5,Kazimierz Dolny
323,SR8PPN,438.900000,-,7.600000,Tone,67.0,67.0,FM,12.5,gm. Urszulin
324,SR8PU,438.850000,-,7.600000,Tone,118.8,118.8,FM,12.5,Kazimierz Dolny
326,SR8RSC,145.287500,+,0.000000,Tone,71.9,71.9,FM,12.5,Boguchwała
327,SR8S,145.712500,-,0.600000,Tone,123.0,123.0,FM,12.5,Świdnik
328,SR8SD,439.325000,-,7.600000,Tone,123.0,123.0,FM,12.5,Świdnik
329,SR8U,145.687500,-,0.600000,,88.5,88.5,FM,12.5,Baligród
330,SR8UVB,439.412500,-,7.600000,,88.5,88.5,DV,12.5,Chotycze - RTCN Łosice
331,SR8UVL,438.825000,-,7.600000,,88.5,88.5,DV,12.5,Lublin
332,SR8UVP,439.462500,-,7.600000,,88.5,88.5,DV,12.5,Kazimierz Dolny
333,SR8UVS,438.325000,-,7.600000,,88.5,88.5,DV,12.5,Świdnik
334,SR8UWD,438.512500,-,7.600000,,88.5,88.5,DV,12.5,Włodawa
335,SR8V,145.612500,-,0.600000,Tone,103.5,88.5,FM,12.5,Jasło
336,SR8WD,438.975000,-,7.600000,Tone,103.5,103.5,FM,12.5,Włodawa
337,SR8Z,145.750000,-,0.600000,Tone,77.0,77.0,FM,12.5,Feliksówka k/Zamościa
338,SR8ZA,439.275000,-,7.600000,Tone,77.0,77.0,FM,12.5,Feliksówka k/Zamościa
339,SR9A,145.775000,-,0.600000,,88.5,88.5,FM,12.5,Góra Wał - Tarnów
341,SR9AE,438.825000,-,7.600000,Tone,103.5,103.5,FM,12.5,Obserwatorium astronomiczne na Górze Lubomir
342,SR9ASR,438.300000,-,7.600000,Tone,74.4,74.4,FM,12.5,Góra Żar
343,SR9B,145.712500,-,0.600000,Tone,67.0,67.0,FM,12.5,Skrzyczne
345,SR9BSR,438.250000,-,7.600000,Tone,74.4,88.5,FM,12.5,Góra Szyndzielnia
346,SR9CZ,439.175000,-,7.600000,,88.5,88.5,DV,12.5,Częstochowa
347,SR9CZE,439.562500,-,7.600000,Tone,67.0,67.0,FM,12.5,Częstochowa
348,SR9D,145.675000,-,0.600000,Tone,71.9,71.9,FM,12.5,Będzin
354,SR9DV,438.325000,-,7.600000,Tone,67.0,88.5,FM,12.5,Węgrzce
355,SR9E,145.725000,-,0.600000,Tone,71.9,71.9,FM,12.5,Siemianowice Śląskie
356,SR9GR,438.537500,-,7.600000,Tone,162.2,162.2,FM,12.5,Gorlice, maszt Emitel na Górze Cmentarnej
357,SR9J,145.787500,-,0.600000,Tone,123.0,123.0,FM,12.5,Częstochowa
358,SR9JK,438.800000,-,7.600000,Tone,94.8,88.5,FM,12.5,Włodowice
359,SR9K,145.750000,-,0.600000,Tone,103.5,88.5,FM,12.5,Siercza k/Wieliczki
360,SR9KD,438.950000,-,7.600000,Tone,71.9,88.5,FM,12.5,Sosnowiec
361,SR9KM,438.975000,-,7.600000,Tone,71.9,71.9,FM,12.5,Krupski Młyn
362,SR9KR,439.275000,-,7.600000,,88.5,88.5,DV,12.5,Kraków
363,SR9KS,438.900000,-,7.600000,Tone,103.5,103.5,FM,12.5,Siercza k/Wieliczki
364,SR9L,145.687500,-,0.600000,Tone,107.2,107.2,FM,12.5,Limanowa Lipowe
365,SR9LC,438.700000,-,7.600000,Tone,71.9,71.9,FM,12.5,LUBECKO
366,SR9LI,438.675000,-,7.600000,,88.5,88.5,FM,12.5,Pasierbiec
367,SR9NJ,438.700000,-,7.600000,Tone,103.5,103.5,FM,12.5,Krynica Zdrój, Jaworzyna (górna stacja kolejki gondolowej
368,SR9NP,438.937500,-,7.600000,Tone,107.2,107.2,FM,12.5,Prehyba
369,SR9NS,439.225000,-,7.600000,Tone,107.2,107.2,FM,12.5,Nowy Sącz
370,SR9OA,438.750000,-,7.600000,Tone,107.2,88.5,FM,12.5,Wieża widokowa Dąbrowa
371,SR9P,145.662500,-,0.600000,Tone,103.5,88.5,FM,12.5,Góra Koskowa POLKOMTEL
372,SR9PC,438.850000,-,7.600000,Tone,103.5,88.5,FM,12.5,Góra Koskowa POLKOMTEL
373,SR9PS,439.250000,-,7.600000,Tone,67.0,67.0,FM,12.5,Pszów
374,SR9RAC,439.575000,-,7.600000,Tone,67.0,67.0,FM,12.5,Strzybniczek
376,SR9S,145.775000,-,0.600000,Tone,67.0,67.0,FM,12.5,Wola
377,SR9SC,438.962500,-,7.600000,Tone,67.0,67.0,FM,12.5,Cieszyn
378,SR9SK,439.375000,-,7.600000,Tone,67.0,67.0,FM,12.5,Skrzyczne
379,SR9SS,439.100000,-,7.600000,Tone,71.9,71.9,FM,12.5,Siemianowice Śląskie
381,SR9TB,438.775000,-,7.600000,Tone,103.5,103.5,FM,12.5,Góra Wał - Tarnów
382,SR9TM,438.512500,-,7.600000,Tone,103.5,103.5,FM,12.5,Pcim - Kudłacze
388,SR9UV,439.337500,-,7.600000,,88.5,88.5,DV,12.5,Włodowice
390,SR9UVJ,439.500000,-,7.600000,,88.5,88.5,DV,12.5,Jaworzyna Krynicka
391,SR9UVJ,439.500000,-,7.600000,,88.5,88.5,DV,12.5,Jaworzyna krynicka
392,SR9UVJ-B,439.500000,-,7.600000,,88.5,88.5,DV,12.5,Krynica Zdrój - Jaworzyna (górna stacja kolejki gondolowej)
393,SR9UVJ-C,145.787500,-,0.600000,,88.5,88.5,DV,12.5,Krynica Zdrój - Jaworzyna (górna stacja kolejki gondolowej)
396,SR9UVP,439.362500,-,7.600000,,88.5,88.5,DV,12.5,Góra Koskowa POLKOMTEL
397,SR9UVR,439.300000,-,7.600000,Tone,94.8,88.5,FM,12.5,OSP Gliczarów górny
399,SR9UVZ,439.200000,-,7.600000,,88.5,88.5,DV,12.5,OSP Gliczarów górny
402,SR9VJP,438.587500,-,7.600000,,88.5,88.5,DV,12.5,MUSZYNA
404,SR9VVO,439.437500,-,7.600000,,88.5,88.5,DV,12.5,Lichwin
405,SR9X,145.700000,-,0.600000,,88.5,88.5,FM,12.5,Góra Gubałówka EMITEL
406,SR9Z,145.737500,-,0.600000,Tone,107.2,107.2,FM,12.5,Przehyba EMITEL
408,SR9ZAR,439.537500,-,7.600000,Tone,67.0,67.0,FM,12.5,Góra Żar
409,SR9ZHP,145.287500,+,0.000000,Tone,127.3,127.3,FM,12.5,Będzin
