number;valid_to;call_sign;category;transmitter_power;name_type_station;emission;input_frequency;output_frequency;applicant_name;applicant_city;applicant_street;applicant_house;applicant_number;enduser_name;enduser_city;enduser_street;enduser_house;enduser_number;station_city;station_street;station_house;station_number;lat;lng
DC.WML.5101.2344.2019.2;2024-11-29;SR5UVA;Kategoria5;15;PrzemiennikFMDV;"";431.8375;439.4375;Warszawski Oddzia³ Terenowy Polskiego Zwi¹zku Krótkofalowców;Warszawa;ul. Eugeniusza Lokajskiego;22;42;"";"";"";"";"";Warszawa;ul. Che³m¿yñska;180;"";;
DC.WML.5101.3262.2019.3;2024-11-27;SR8UWD;Kategoria5;15;CyfrowyPrzemiennik;"";430.9125;438.5125;Polski Zwi¹zek Krótkofalowców;Warszawa;ul. Augustyna Kordeckiego;66;U1;"";"";"";"";"";W³odawa;ul. Pi³sudskiego;66;"";;
DC.WML.5101.3263.2019.2;2024-11-24;SR9KW;Kategoria5;15;PrzemiennikFMDV;"";431.425;439.025;Stowarzyszenie Krótkofalowców Zag³êbia D¹browskiego;D¹browa Górnicza;ul. Sienkiewicza;6A;"";"";"";"";"";"";Pogrzebieñ;ul. Lubomska;"";"";;
DC.WML.5101.3316.2019.2;2024-12-02;SR9KD;Kategoria5;15;PrzemiennikFMDV;"";431.35;438.95;Stowarzyszenie Krótkofalowców Zag³êbia D¹browskiego;D¹browa Górnicza;ul. Sienkiewicza;6A;"";"";"";"";"";"";Sosnowiec;ul. Modrzewiowa;dzia³ka 700/194;"";;
DC.WML.5101.3396.2019.4;2024-12-11;SR9DD;Kategoria5;15;AnalogowyPrzemiennikFM;"";1270.45;1298.45;Stowarzyszenie Krótkofalowców Zag³êbia D¹browskiego;D¹browa Górnicza;ul. Sienkiewicza;6A;"";"";"";"";"";"";Bêdzin;Dzia³ka nr 23/5;"";"";;
DC.WML.5101.3466.2019.2;2024-12-16;SR9SK;Kategoria5;15;PrzemiennikFMDV;"";431.775;439.375;Stowarzyszenie Krótkofalowców Zag³êbia D¹browskiego;D¹browa Górnicza;ul. Sienkiewicza;6A;"";"";"";"";"";"";Szczyrk  RTON Skrzyczne;ul. Skrzyczeñska;15;"";;
DC.WML.5101.3467.2019.2;2024-12-16;SR9D;Kategoria5;15;PrzemiennikFMDV;"";145.075;145.675;Stowarzyszenie Krótkofalowców Zag³êbia D¹browskiego;D¹browa Górnicza;ul. Sienkiewicza;6A;"";"";"";"";"";"";Bêdzin;Dzia³ka nr 23/5;"";"";;
DC.WML.5101.3469.2019.2;2024-12-16;SR9B;Kategoria5;15;PrzemiennikFMDV;"";145.1125;145.7125;Stowarzyszenie Krótkofalowców Zag³êbia D¹browskiego;D¹browa Górnicza;ul. Sienkiewicza;6A;"";"";"";"";"";"";Szczyrk RTON Skrzyczne;ul. Skrzyczeñska;15;"";;
DC.WML.5101.3512.2019.2;2024-12-17;SR5OS;Kategoria5;15;PrzemiennikFMDV;"";431.45;439.05;Polski Zwi¹zek Krótkofalowców;Warszawa;ul. Augustyna Kordeckiego;66;U1;"";"";"";"";"";Ostro³êka;ul. Sienkiewicza;3;"";;
DC.WML.5101.8.2020.2;2025-01-03;SR1ZK;Kategoria5;15;AnalogowyPrzemiennikFM;"";431.7;439.3;Polski Zwi¹zek Krótkofalowców;Warszawa;ul. Augustyna Kordeckiego;66;U1;"";"";"";"";"";Ko³owo - RTCN Emitel;"";"";"";;
DC.WML.5101.126.2020.4;2025-01-29;SR1SHS;Kategoria5;15;Radiolatarnia;"";2320.9;2320.9;Polski Zwi¹zek Krótkofalowców;Warszawa;ul. Augustyna Kordeckiego;66;U1;"";"";"";"";"";S³odkowo;"";41;"";;
DC.WML.5101.240.2020.2;2025-01-29;SR2BY;Kategoria5;10;AnalogowyPrzemiennikFM;"";431.125;438.725;Polski Zwi¹zek Krótkofalowców;Warszawa;ul. Augustyna Kordeckiego;66;U1;"";"";"";"";"";Bydgoszcz;ul. Czackiego;5;"";;
DC.WML.5101.289.2020.2;2025-02-05;SR9NWC;Kategoria5;5;PrzekaznikAPRS;"";144.8;144.8;Niepo³omicki Klub Krótkofalowców przy M³odzie¿owym Obserwatorium Astronomicznym;Niepo³omice;ul. Miko³aja Kopernika;2;"";"";"";"";"";"";Rabka-Zdrój;Góra Luboñ Wielki - wie¿a  Emitel RTON;"";"";;
DC.WML.5101.154.2020.4;2024-12-31;SR9TVA;Kategoria5;15;PrzemiennikFMDV;F3E;2320, 5740, 10150, 24030, 1280;2380, 5840, 10450, 24160, 434.25, 439.75;Stowarzyszenie Krótkofalowców Zag³êbia D¹browskiego;D¹browa Górnicza;ul. Sienkiewicza;6A;"";"";"";"";"";"";Mys³owice-Weso³a;ul. Or³a Bia³ego;34;"";;
DC.WML.5101.496.2020.2;2025-03-02;SR8UVL;Kategoria5;15;CyfrowyPrzemiennik;"";431.225;438.825;Polski Zwi¹zek Krótkofalowców;Warszawa;ul. Augustyna Kordeckiego;66;U1;"";"";"";"";"";Lublin;ul. Dobrzañskiego;35;"";;
DC.WML.5101.497.2020.2;2025-02-20;SR2SL;Kategoria5;10;AnalogowyPrzemiennikFM;"";431.15;438.75;Polski Zwi¹zek Krótkofalowców;Warszawa;ul. Augustyna Kordeckiego;66;U1;"";"";"";"";"";S³upsk;ul. Orl¹t Lwowskich;1;"";;
DC.WML.5101.788.2020.2;2025-03-27;SR7VV;Kategoria5;15;AnalogowyPrzemiennikFM;"";431.5125;439.1125;Polski Zwi¹zek Krótkofalowców;Warszawa;ul. Augustyna Kordeckiego;66;U1;"";"";"";"";"";Góra Kamieñsk - Obiekt Emitel;"";"";"";;
DC.WML.5101.789.2020.2;2025-03-27;SR7DMR;Kategoria5;15;CyfrowyPrzemiennik;"";430.675;438.275;Polski Zwi¹zek Krótkofalowców;Warszawa;ul. Augustyna Kordeckiego;66;U1;"";"";"";"";"";Góra Kamieñsk - Obiekt Emitel;"";"";"";;
DC.WML.5101.790.2020.2;2025-03-27;SR7UVV;Kategoria5;15;CyfrowyPrzemiennik;"";431.8875;439.4875;Polski Zwi¹zek Krótkofalowców;Warszawa;ul. Augustyna Kordeckiego;66;U1;"";"";"";"";"";Góra Kamieñsk - Obiekt Emitel;"";"";"";;
DC.WML.5101.807.2020.2;2025-03-30;SR1NRT;Kategoria5;15;PrzekaznikAPRS;"";144.8, 432.5;144.8, 432.5;Polski Zwi¹zek Krótkofalowców;Warszawa;ul. Augustyna Kordeckiego;66;U1;"";"";"";"";"";Police - Nabie¿nik Górny UM w porcie;"";"";"";;
DC.WML.5101.779.2020.3;2025-04-03;SR5ZIP;Kategoria5;10;AnalogowyPrzemiennikFM;"";431.65;439.25;Chor¹giew Sto³eczna Zwi¹zku Harcerstwa Polskiego;Warszawa;Piaskowa;4;"";"";"";"";"";"";Warszawa;ul. Kasprowicza;107;"";;
DC.WML.5101.1049.2020.2;2025-04-29;SR9WLK;Kategoria5;50;CyfrowaStacjaWezlowa;"";3.5955, 5.3545, 7.0465, 10.1445, 14.1075;3.5955, 5.3545, 7.0465, 10.1445, 14.1075;Polski Zwi¹zek Krótkofalowców;Warszawa;ul. Augustyna Kordeckiego;66;U1;"";"";"";"";"";Kraków;ul. Powstañców;26;"";;
DC.WML.5101.1060.2020.2;2025-04-30;SR6FG;Kategoria5;15;AnalogowyPrzemiennikFM;"";431.5875;439.1875;Polski Zwi¹zek Krótkofalowców;Warszawa;ul. Augustyna Kordeckiego;66;U1;"";"";"";"";"";Trzebnica;"";"";"";;
DC.WML.5101.1061.2020.2;2025-04-30;SR6FGR;Kategoria5;15;AnalogowyPrzemiennikFM;"";145.35, 431.5625;145.35, 439.1625;Polski Zwi¹zek Krótkofalowców;Warszawa;ul. Augustyna Kordeckiego;66;U1;"";"";"";"";"";Trzebnica;"";"";"";;
DC.WML.5101.1066.2020.2;2025-04-30;SR9OSP;Kategoria5;15;StacjaPogodowa;"";144.95;144.95;Ochotnicza Stra¿ Po¿arna w Siedliskach;Siedliska;ul. Leœna;1;"";"";"";"";"";"";Strzybniczek;"";1;"";;
DC.WML.5101.1192.2020.3;2025-05-18;SR5CI;Kategoria5;15;CyfrowyPrzemiennik;"";430.8375;438.4375;Ciechanowskie Stowarzyszenie Krótkofalowców;Ciechanów;ul. 17-go Stycznia;60 B;"";"";"";"";"";"";Ciechanów;ul. 17-go Stycznia;60 B;"";;
DC.WML.5101.1195.2020.2;2025-05-18;SR7UWI;Kategoria5;15;CyfrowyPrzemiennik;"";430.925;438.525;Polski Zwi¹zek Krótkofalowców;Warszawa;ul. Augustyna Kordeckiego;66;U1;"";"";"";"";"";Czastary;ul. Wolnoœci;36;"";;
DC.WML.5101.1502.2020.2;2025-06-22;SR9UVM;Kategoria5;10;CyfrowyPrzemiennik;"";431.8;439.4;Ma³opolskie Stowarzyszenie Krótkofalowców, Oddzia³ Terenowy Polskiego Zwi¹zku Krótkofalowców w Krakowie;Kraków;ul. Basztowa;15;17;"";"";"";"";"";Mietniów;"";70;"";;
DC.WML.5101.495.2020.7;2025-03-02;SR8LL;Kategoria5;15;PrzemiennikFMDV;"";1270.7;1298.7;Polski Zwi¹zek Krótkofalowców;Warszawa;ul. Augustyna Kordeckiego;66;U1;"";"";"";"";"";Lublin;ul. Dobrzañskiego;35;"";;
DC.WML.5101.1503.2020.3;2025-06-22;SR9UVZ;Kategoria5;10;CyfrowyPrzemiennik;"";431.6;439.2;Ma³opolskie Stowarzyszenie Krótkofalowców, Oddzia³ Terenowy Polskiego Zwi¹zku Krótkofalowców w Krakowie;Kraków;ul. Basztowa;15;17;"";"";"";"";"";Zakopane;Droga prez Guba³ówkê;223;"";;
DC.WML.5101.1504.2020.3;2025-06-22;SR9UVT;Kategoria5;15;CyfrowyPrzemiennik;"";431.6375;439.2375;Ma³opolskie Stowarzyszenie Krótkofalowców, Oddzia³ Terenowy Polskiego Zwi¹zku Krótkofalowców w Krakowie;Kraków;ul. Basztowa;15;17;"";"";"";"";"";Bogdanówka - Koskowa Góra;"";"";"";;
DC.WML.5101.1505.2020.3;2025-06-22;SR9UVP;Kategoria5;10;CyfrowyPrzemiennik;"";431.7625;439.3625;Ma³opolskie Stowarzyszenie Krótkofalowców, Oddzia³ Terenowy Polskiego Zwi¹zku Krótkofalowców w Krakowie;Kraków;ul. Basztowa;15;17;"";"";"";"";"";Bogdanówka - Koskowa Góra;"";"";"";;
DC.WML.5101.1705.2020.2;2025-07-20;SR6R;Kategoria5;15;AnalogowyPrzemiennikFM;"";145;145.6;Polski Zwi¹zek Krótkofalowców;Warszawa;ul. Augustyna Kordeckiego;66;U1;"";"";"";"";"";Wroc³aw;ul. Krasiñskiego;21;11;;
DC.WML.5101.1707.2020.2;2025-07-20;SR6WR;Kategoria5;15;AnalogowyPrzemiennikFM;"";431.25;438.85;Polski Zwi¹zek Krótkofalowców;Warszawa;ul. Augustyna Kordeckiego;66;U1;"";"";"";"";"";Wroc³aw;ul. Gubiñska;8;93;;
DC.WML.5101.1709.2020.2;2025-07-20;SR6G;Kategoria5;15;AnalogowyPrzemiennikFM;"";145.025;145.625;Polski Zwi¹zek Krótkofalowców;Warszawa;ul. Augustyna Kordeckiego;66;U1;"";"";"";"";"";Szczyt górski Œlê¿a;"";"";"";;
DC.WML.5101.1710.2020.2;2025-07-20;SR6MA;Kategoria5;15;AnalogowyPrzemiennikFM;"";431.125;438.725;Polski Zwi¹zek Krótkofalowców;Warszawa;ul. Augustyna Kordeckiego;66;U1;"";"";"";"";"";Szczyt górski Œlê¿a;"";"";"";;
DC.WML.5101.1711.2020.3;2025-07-20;SR6NWS;Kategoria5;15;CyfrowyPrzemiennik;"";144.8;144.8;Polski Zwi¹zek Krótkofalowców;Warszawa;ul. Augustyna Kordeckiego;66;U1;"";"";"";"";"";Szczyt górski Wielka Sowa;"";"";"";;
DC.WML.5101.1899.2020.2;2025-07-29;SR8NDR;Kategoria5;15;PrzekaznikAPRS;"";144.8;144.8;Polski Zwi¹zek Krótkofalowców;Warszawa;ul. Augustyna Kordeckiego;66;U1;"";"";"";"";"";Rzeszów;ul. D¹browskiego;32;4;;
DC.WML.5101.1932.2020.2;2025-08-04;SR3KWA;Kategoria5;15;Radiolatarnia;"";50.435, 144.463;50.435, 144.463;Polski Zwi¹zek Krótkofalowców;Warszawa;ul. Augustyna Kordeckiego;66;U1;"";"";"";"";"";Turek;ul. Spó³dzielców;4;"";;
DC.WML.5101.1934.2020.2;2025-08-13;SR4LDG;Kategoria5;15;PrzemiennikFMDV;"";1270.2;1298.2;Polski Zwi¹zek Krótkofalowców;Warszawa;ul. Augustyna Kordeckiego;66;U1;"";"";"";"";"";Wysoka Wieœ;"";"";"";;
DC.WML.5101.1935.2020.2;2025-08-26;SR4LM;Kategoria5;15;PrzemiennikFMDV;"";1270.6;1298.6;Polski Zwi¹zek Krótkofalowców;Warszawa;ul. Augustyna Kordeckiego;66;U1;"";"";"";"";"";Mi³ki;ul. Jeziorna;2;"";;
DC.WML.5101.1936.2020.2;2025-08-26;SR4MID;Kategoria5;15;PrzemiennikFMDV;"";430.625;438.225;Polski Zwi¹zek Krótkofalowców;Warszawa;ul. Augustyna Kordeckiego;66;U1;"";"";"";"";"";Mi³ki;ul. Jeziorna;2;"";;
DC.WML.5101.1938.2020.2;2025-08-26;SR4MIT;Kategoria5;15;PrzemiennikFMDV;"";430.925;438.525;Polski Zwi¹zek Krótkofalowców;Warszawa;ul. Augustyna Kordeckiego;66;U1;"";"";"";"";"";Mi³ki;ul. Jeziorna;2;"";;
DC.WML.5101.1939.2020.2;2025-08-26;SR4OND;Kategoria5;15;PrzemiennikFMDV;"";430.675;438.275;Polski Zwi¹zek Krótkofalowców;Warszawa;ul. Augustyna Kordeckiego;66;U1;"";"";"";"";"";Olsztyn;ul. ¯o³nierska;16;"";;
DC.WML.5101.1944.2020.2;2025-08-26;SR4D;Kategoria5;15;PrzemiennikFMDV;"";145.1875;145.7875;Polski Zwi¹zek Krótkofalowców;Warszawa;ul. Augustyna Kordeckiego;66;U1;"";"";"";"";"";Mi³ki;ul. Jeziorna;2;"";;
DC.WML.5101.1945.2020.2;2025-08-26;SR4DGD;Kategoria5;15;PrzemiennikFMDV;"";430.65;438.25;Polski Zwi¹zek Krótkofalowców;Warszawa;ul. Augustyna Kordeckiego;66;U1;"";"";"";"";"";Wysoka Wieœ;"";"";"";;
DC.WML.5101.1946.2020.2;2025-08-26;SR4DGT;Kategoria5;15;PrzemiennikFMDV;"";430.975;438.575;Polski Zwi¹zek Krótkofalowców;Warszawa;ul. Augustyna Kordeckiego;66;U1;"";"";"";"";"";Wysoka Wieœ;"";"";"";;
DC.WML.5101.1947.2020.2;2025-08-26;SR4ONT;Kategoria5;15;PrzemiennikFMDV;"";430.9;438.5;Polski Zwi¹zek Krótkofalowców;Warszawa;ul. Augustyna Kordeckiego;66;U1;"";"";"";"";"";Olsztyn;ul. ¯o³nierska;16;"";;
DC.WML.5101.1948.2020.2;2025-08-26;SR4UVD;Kategoria5;15;PrzemiennikFMDV;"";431.9125;439.5125;Polski Zwi¹zek Krótkofalowców;Warszawa;ul. Augustyna Kordeckiego;66;U1;"";"";"";"";"";Wysoka Wieœ;"";"";"";;
DC.WML.5101.1949.2020.2;2025-08-26;SR4UVM;Kategoria5;15;PrzemiennikFMDV;"";431.8875;439.4875;Polski Zwi¹zek Krótkofalowców;Warszawa;ul. Augustyna Kordeckiego;66;U1;"";"";"";"";"";Mi³ki;ul. Jeziorna;2;"";;
DC.WML.5101.1950.2020.2;2025-08-26;SR4UVN;Kategoria5;15;PrzemiennikFMDV;"";431.8625;439.4625;Polski Zwi¹zek Krótkofalowców;Warszawa;ul. Augustyna Kordeckiego;66;U1;"";"";"";"";"";Olsztyn;ul. ¯o³nierska;16;"";;
DC.WML.5101.1951.2020.2;2025-09-01;SR4ONX;Kategoria5;15;PrzemiennikFMDV;"";431.35;438.95;Polski Zwi¹zek Krótkofalowców;Warszawa;ul. Augustyna Kordeckiego;66;U1;"";"";"";"";"";Olsztyn;ul. ¯o³nierska;16;"";;
DC.WML.5101.2208.2020.2;2025-08-31;SR4RS;Kategoria5;15;AnalogowyPrzemiennikFM;"";145.1;145.7;Polski Zwi¹zek Krótkofalowców;Warszawa;ul. Augustyna Kordeckiego;66;U1;"";"";"";"";"";Bia³ystok;ul. Bohaterów Monte Cassino;5;128;;
DC.WML.5101.2303.2020.2;2025-10-15;SR9S;Kategoria5;15;PrzemiennikFMDV;"";145.175, 431.8125;145.775, 439.4125;Centrum Integracji i Rozwoju Regionalnego;Wola;ul. Przemys³owa;6;412;"";"";"";"";"";Wola;ul. Poprzeczna;1A;"";;
DC.WML.5101.2532.2020.2;2025-11-24;SR9BSR;Kategoria5;15;PrzemiennikFMDV;"";430.65;438.25;Centrum Integracji i Rozwoju Regionalnego;Wola;ul. Przemys³owa;6;412;"";"";"";"";"";Szyndzielnia;"";"";"";;
DC.WML.5101.2826.2020.3;2025-11-19;SR3DRW;Kategoria5;10;CyfrowyPrzemiennik;"";430.7375;438.3375;Polski Zwi¹zek Krótkofalowców;Warszawa;ul. Augustyna Kordeckiego;66;U1;"";"";"";"";"";Rawicz;ul. Targowa;1;"";;
DC.WML.5101.18.2021.2;2026-01-07;SR3DOS;Kategoria5;15;CyfrowyPrzemiennik;"";430.6875;438.2875;Polski Zwi¹zek Krótkofalowców;Warszawa;ul. Augustyna Kordeckiego;66;U1;"";"";"";"";"";Ostrów Wielkopolski;ul. Poznañska;43;"";;
DC.WML.5101.44.2021.2;2026-01-12;SR6NKB;Kategoria5;15;PrzekaznikAPRS;"";144.8;144.8;Polski Zwi¹zek Krótkofalowców Oddzia³ Terenowy nr 11 w Opolu;Opole;ul. Skautów Opolskich;15;XI P;"";"";"";"";"";Biskupia Kopa;"";"";"";;
DC.WML.5101.125.2021.2;2026-03-18;SR2WX;Kategoria5;15;StacjaPogodowa;"";144.95;144.95;Polski Zwi¹zek Krótkofalowców;Warszawa;ul. Augustyna Kordeckiego;66;U1;"";"";"";"";"";Bydgoszcz;ul. Seminaryjna;3;"";;
DC.WML.5101.165.2021.2;2026-01-26;SR9NP;Kategoria5;15;AnalogowyPrzemiennikFM;"";431.3375;438.9375;Polski Zwi¹zek Krótkofalowców;Warszawa;ul. Augustyna Kordeckiego;66;U1;"";"";"";"";"";Go³kowice - Góra Przechyba;"";"";"";;
DC.WML.5101.1999.2020.5;2025-08-19;SR9WXNS;Kategoria5;15;StacjaPogodowa;"";144.95, 434.95;144.95, 434.95;Polski Zwi¹zek Krótkofalowców;Warszawa;ul. Augustyna Kordeckiego;66;U1;"";"";"";"";"";Nowy S¹cz;os.Chruœlice - Góra Mu¿eñ;"";"";;
DC.WML.5101.2000.2020.4;2025-08-13;SR9RNS;Kategoria5;15;Radiolatarnia;"";432.44;432.44;Polski Zwi¹zek Krótkofalowców;Warszawa;ul. Augustyna Kordeckiego;66;U1;"";"";"";"";"";Go³kowice;Góra Przechyba;"";"";;
DC.WML.5101.172.2021.2;2026-01-26;SR7USI;Kategoria5;15;CyfrowyPrzemiennik;"";431.925;439.525;Polski Zwi¹zek Krótkofalowców;Warszawa;ul. Augustyna Kordeckiego;66;U1;"";"";"";"";"";Sieradz;ul. Zachodnia;2;"";;
DC.WML.5101.3114.2020.6;2026-02-02;SR3P;Kategoria5;15;PrzemiennikFMDV;"";145.05;145.65;Polski Zwi¹zek Krótkofalowców - Oddzia³ Poznañski;Poznañ;ul. Œwiêty Marcin;80/82;336;"";"";"";"";"";Poznañ;ul. £ozowa;34;"";;
DC.WML.5101.392.2021.3;2026-02-15;SR7Z;Kategoria5;15;AnalogowyPrzemiennikFM;"";145;145.6;Polski Zwi¹zek Krótkofalowców;Warszawa;ul. Augustyna Kordeckiego;66;U1;"";"";"";"";"";£ódŸ;ul. Wólczañska;178/180;"";;
DC.WML.5101.393.2021.2;2026-02-15;SR7NSI;Kategoria5;15;PrzekaznikAPRS;"";144.8, 432.5;144.8, 432.5;Polski Zwi¹zek Krótkofalowców;Warszawa;ul. Augustyna Kordeckiego;66;U1;"";"";"";"";"";Sieradz;ul. Zachodnia;2;"";;
DC.WML.5101.443.2021.3;2026-02-17;SR1UVS;Kategoria5;15;CyfrowyPrzemiennik;"";431.8125;439.4125;Polski Zwi¹zek Krótkofalowców;Warszawa;ul. Augustyna Kordeckiego;66;U1;"";"";"";"";"";Ko³owo; RTON Emitel;"";"";;
DC.WML.5101.471.2021.3;2026-02-19;SR8WXJ;Kategoria5;15;StacjaPogodowa;"";144.95;144.95;Polski Zwi¹zek Krótkofalowców;Warszawa;ul. Augustyna Kordeckiego;66;U1;"";"";"";"";"";Jareniówka;"";37A;"";;
DC.WML.5101.539.2021.2;2026-02-24;SR6UPK;Kategoria5;15;PrzemiennikFMDV;"";430.9375;438.5375;Polski Zwi¹zek Krótkofalowców;Warszawa;ul. Augustyna Kordeckiego;66;U1;"";"";"";"";"";Przesieka;"";"";"";;
DC.WML.5101.540.2021.2;2026-02-24;SR6NPK;Kategoria5;15;CyfrowyPrzemiennik;"";144.8;144.8;Polski Zwi¹zek Krótkofalowców;Warszawa;ul. Augustyna Kordeckiego;66;U1;"";"";"";"";"";Przesieka;Prze³êcz Karkonoska;"";"";;
DC.WML.5101.709.2021.2;2026-03-24;SR9DSR;Kategoria5;15;CyfrowyPrzemiennik;"";144.9875;145.5875;Centrum Integracji i Rozwoju Regionalnego;Wola;ul. Przemys³owa;6;412;"";"";"";"";"";Klimczok;"";"";"";;
DC.WML.5101.739.2021.2;2026-03-11;SR9XNS;Kategoria5;10;Radiolatarnia;"";1296.94;1296.94;Polski Zwi¹zek Krótkofalowców;Warszawa;ul. Augustyna Kordeckiego;66;U1;"";"";"";"";"";Go³kowice;"";"";"";;
DC.WML.5101.1194.2021.2;2026-04-19;SR9KWX;Kategoria5;10;StacjaPogodowa;"";144.95;144.95;Ma³opolskie Stowarzyszenie Krótkofalowców, Oddzia³ Terenowy Polskiego Zwi¹zku Krótkofalowców w Krakowie;Kraków;ul. Basztowa;15;17;"";"";"";"";"";Olkusz;ul. Jana Kantego;7B;18;;
DC.WML.5101.1195.2021.2;2026-04-19;SR9PKZ;Kategoria5;10;PrzekaznikAPRS;"";144.8;144.8;Ma³opolskie Stowarzyszenie Krótkofalowców, Oddzia³ Terenowy Polskiego Zwi¹zku Krótkofalowców w Krakowie;Kraków;ul. Basztowa;15;17;"";"";"";"";"";Kraków;ul. Basztowa;15;17;;
DC.WML.5101.1377.2021.2;2026-05-18;SR4DXC;Kategoria5;15;CyfrowaStacjaBiuletynowa;"";144.875;144.875;Polski Zwi¹zek Krótkofalowców;Warszawa;ul. Augustyna Kordeckiego;66;U1;"";"";"";"";"";Olsztyn;ul. Ba³tycka;37A;"";;
DC.WML.5101.1378.2021.2;2026-05-18;SR4BBX;Kategoria5;15;CyfrowaStacjaBiuletynowa;"";144.875;144.875;Polski Zwi¹zek Krótkofalowców;Warszawa;ul. Augustyna Kordeckiego;66;U1;"";"";"";"";"";Olsztyn;ul. Ba³tycka;37A;"";;
DC.WML.5101.1836.2021.3;2026-06-08;SR9KRK;Kategoria5;15;PrzemiennikFMDV;"";431.46;439.06;Ma³opolskie Stowarzyszenie Krótkofalowców, Oddzia³ Terenowy Polskiego Zwi¹zku Krótkofalowców w Krakowie;Kraków;ul. Basztowa;15;17;"";"";"";"";"";Kraków;ul. Basztowa;15;17;;
DC.WML.5101.1881.2021.2;2026-07-19;SR9ZAR;Kategoria5;15;CyfrowyPrzemiennik;"";431.9375;439.5375;Centrum Integracji i Rozwoju Regionalnego;Wola;ul. Przemys³owa;6;412;"";"";"";"";"";Miêdzybrodzie ¯ywieckie;ul. Górska;6;"";;
DC.WML.5101.1937.2021.2;2026-06-17;SR9Z;Kategoria5;15;PrzemiennikFMDV;"";145.1375;145.7375;Polski Zwi¹zek Krótkofalowców;Warszawa;ul. Augustyna Kordeckiego;66;U1;"";"";"";"";"";Go³kowice - Góra Przechyba RTON Emitel;"";"";"";;
DC.WML.5101.2150.2021.2;2026-07-01;SR7L;Kategoria5;15;AnalogowyPrzemiennikFM;"";145.075;145.675;Polski Zwi¹zek Krótkofalowców;Warszawa;ul. Augustyna Kordeckiego;66;U1;"";"";"";"";"";£ódŸ;ul. Pomorska;251;"";;
DC.WML.5101.2243.2021.2;2026-07-23;SR4MI;Kategoria5;15;PrzemiennikFMDV;"";431.15;438.75;Polski Zwi¹zek Krótkofalowców;Warszawa;ul. Augustyna Kordeckiego;66;U1;"";"";"";"";"";Mi³ki;ul. Jeziorna;2;"";;
DC.WML.5101.2244.2021.2;2026-07-23;SR4ON;Kategoria5;15;PrzemiennikFMDV;"";431.075;438.675;Polski Zwi¹zek Krótkofalowców;Warszawa;ul. Augustyna Kordeckiego;66;U1;"";"";"";"";"";Olsztyn;ul. ¯o³nierska;16;"";;
DC.WML.5101.2254.2021.2;2026-07-19;SR4DOS;Kategoria5;15;CyfrowaStacjaWezlowa;"";430.9, 430.6, 438.5, 438.2, 144.85, 433.8, 144.8;430.9, 430.6, 438.5, 438.2, 144.85, 433.8, 144.8;Polski Zwi¹zek Krótkofalowców;Warszawa;ul. Augustyna Kordeckiego;66;U1;"";"";"";"";"";Wysoka Wieœ;"";"";"";;
DC.WML.5101.2261.2021.2;2026-07-19;SR4DON;Kategoria5;15;CyfrowaStacjaWezlowa;"";144.95, 438.8, 438.5, 438.225, 433.75, 144.8;144.95, 438.8, 438.5, 438.225, 433.75, 144.8;Polski Zwi¹zek Krótkofalowców;Warszawa;ul. Augustyna Kordeckiego;66;U1;"";"";"";"";"";Olsztyn;ul. Ba³tycka;37A;"";;
DC.WML.5101.2255.2021.2;2026-07-23;SR4NWM;Kategoria5;15;PrzekaznikAPRS;"";433.8, 144.8;433.8, 144.8;Polski Zwi¹zek Krótkofalowców;Warszawa;ul. Augustyna Kordeckiego;66;U1;"";"";"";"";"";Bogaczewo;"";59;"";;
DC.WML.5101.2256.2021.2;2026-07-23;SR4NWO;Kategoria5;15;PrzekaznikAPRS;"";433.8, 144.8;433.8, 144.8;Polski Zwi¹zek Krótkofalowców;Warszawa;ul. Augustyna Kordeckiego;66;U1;"";"";"";"";"";Olsztyn;ul. Dworcowa;42;31;;
DC.WML.5101.2258.2021.2;2026-07-23;SR4DG;Kategoria5;15;PrzemiennikFMDV;"";431.2625;438.8625;Polski Zwi¹zek Krótkofalowców;Warszawa;ul. Augustyna Kordeckiego;66;U1;"";"";"";"";"";Wysoka Wieœ;"";"";"";;
DC.WML.5101.2259.2021.2;2026-07-19;SR4NWU;Kategoria5;15;PrzekaznikAPRS;"";433.8, 144.8;433.8, 144.8;Polski Zwi¹zek Krótkofalowców;Warszawa;ul. Augustyna Kordeckiego;66;U1;"";"";"";"";"";Mi³ki;ul. Jeziorna;2;"";;
DC.WML.5101.2591.2021.2;2026-07-30;SR4M;Kategoria5;15;PrzemiennikFMDV;"";145;145.6;Polski Zwi¹zek Krótkofalowców;Warszawa;ul. Augustyna Kordeckiego;66;U1;"";"";"";"";"";Mi³ki;ul. Jeziorna;2;"";;
DC.WML.5101.2635.2021.3;2026-08-17;SR9GC;Kategoria5;15;AnalogowyPrzemiennikFM;"";431.325;438.925;Polski Zwi¹zek Krótkofalowców;Warszawa;ul. Augustyna Kordeckiego;66;U1;"";"";"";"";"";Gliwice;ul. Czajki;15;"";;
DC.WML.5101.2700.2021.2;2026-08-17;SR2SLA;Kategoria5;10;CyfrowyPrzemiennik;"";144.8;144.8;Polski Zwi¹zek Krótkofalowców;Warszawa;ul. Augustyna Kordeckiego;66;U1;"";"";"";"";"";S³upsk;ul. Orl¹t Lwowskich;1;"";;
DC.WML.5101.2846.2021.2;2026-08-23;SR2KU;Kategoria5;10;AnalogowyPrzemiennikFM;"";431.825;439.425;Polski Zwi¹zek Krótkofalowców;Warszawa;ul. Augustyna Kordeckiego;66;U1;"";"";"";"";"";Szymbark;"";"";"";;
DC.WML.5101.3103.2021.2;2026-09-16;SR7LD;Kategoria5;15;AnalogowyPrzemiennikFM;"";431.475;439.075;Polski Zwi¹zek Krótkofalowców;Warszawa;ul. Augustyna Kordeckiego;66;U1;"";"";"";"";"";£ódŸ;ul. Pomorska;251;"";;
DC.WML.5101.3457.2021.2;2026-11-08;SR9ASR;Kategoria5;15;CyfrowyPrzemiennik;"";430.7;438.3;Centrum Integracji i Rozwoju Regionalnego;Wola;ul. Przemys³owa;6;412;"";"";"";"";"";Miêdzybrodzie ¯ywieckie;ul. Górska;6;"";;
DC.WML.5101.3779.2021.2;2026-11-12;SR8LBD;Kategoria5;15;AnalogowyPrzemiennikFM;"";430.975, 145.075;438.575, 145.675;Polski Zwi¹zek Krótkofalowców;Warszawa;ul. Augustyna Kordeckiego;66;U1;"";"";"";"";"";Krzczonów;"";"";"";;
DC.WML.5101.3885.2021.3;2026-11-17;SR8NWF;Kategoria5;10;PrzekaznikAPRS;"";144.8;144.8;Polski Zwi¹zek Krótkofalowców;Warszawa;ul. Augustyna Kordeckiego;66;U1;"";"";"";"";"";Brzyska;"";"";"";;
DC.WML.5101.3886.2021.3;2026-11-17;SR8JS;Kategoria5;10;AnalogowyPrzemiennikFM;"";431.2;438.8;Polski Zwi¹zek Krótkofalowców;Warszawa;ul. Augustyna Kordeckiego;66;U1;"";"";"";"";"";Brzyska;"";"";"";;
DC.WML.5101.3887.2021.2;2026-11-17;SR8BP;Kategoria5;15;AnalogowyPrzemiennikFM;"";431.05;438.65;Polski Zwi¹zek Krótkofalowców;Warszawa;ul. Augustyna Kordeckiego;66;U1;"";"";"";"";"";Chotycze;"";"";"";;
DC.WML.5101.3888.2021.2;2026-11-17;SR8D;Kategoria5;15;AnalogowyPrzemiennikFM;"";145.05;145.65;Polski Zwi¹zek Krótkofalowców;Warszawa;ul. Augustyna Kordeckiego;66;U1;"";"";"";"";"";Chotycze;"";"";"";;
DC.WML.5101.3889.2021.2;2026-11-17;SR8DMR;Kategoria5;15;CyfrowyPrzemiennik;"";431.2375;438.8375;Polski Zwi¹zek Krótkofalowców;Warszawa;ul. Augustyna Kordeckiego;66;U1;"";"";"";"";"";Chotycze;"";"";"";;
DC.WML.5101.3890.2021.2;2026-11-17;SR8UVB;Kategoria5;15;PrzemiennikFMDV;"";431.8125;439.4125;Polski Zwi¹zek Krótkofalowców;Warszawa;ul. Augustyna Kordeckiego;66;U1;"";"";"";"";"";Chotycze;"";"";"";;
DC.WML.5101.3891.2021.2;2026-11-17;SR2KG;Kategoria5;10;PrzekaznikAPRS;"";144.8;144.8;Polski Zwi¹zek Krótkofalowców;Warszawa;ul. Augustyna Kordeckiego;66;U1;"";"";"";"";"";Krzywogoniec;"";20B;"";;
DC.WML.5101.3892.2021.2;2026-11-17;SR9LI;Kategoria5;15;AnalogowyPrzemiennikFM;"";431.075;438.675;Polski Zwi¹zek Krótkofalowców;Warszawa;ul. Augustyna Kordeckiego;66;U1;"";"";"";"";"";Pasierbiec;"";54;"";;
DC.WML.5101.4011.2021.2;2026-12-20;SR2KY;Kategoria5;15;PrzemiennikFMDV;"";431.65;439.25;Polski Zwi¹zek Krótkofalowców;Warszawa;ul. Augustyna Kordeckiego;66;U1;"";"";"";"";"";Kwidzyn;ul. Mi³osna;18;"";;
DC.WML.5101.4012.2021.2;2027-11-30;SR3NZG;Kategoria5;5;PrzekaznikAPRS;"";144.8;144.8;Polski Zwi¹zek Krótkofalowców;Warszawa;ul. Augustyna Kordeckiego;66;U1;"";"";"";"";"";Zielona Góra;ul. Chmielna;36;"";;
DC.WML.5101.228.2022.2;2027-02-04;SR2NDA;Kategoria5;10;PrzekaznikAPRS;"";433.8, 144.8;433.8, 144.8;Polski Zwi¹zek Krótkofalowców;Warszawa;ul. Augustyna Kordeckiego;66;U1;"";"";"";"";"";Bytów;ul. Przemys³owa;5;"";;
DC.WML.5101.229.2022.2;2027-02-04;SR2BW;Kategoria5;10;AnalogowyPrzemiennikFM;"";431.1;438.7;Polski Zwi¹zek Krótkofalowców;Warszawa;ul. Augustyna Kordeckiego;66;U1;"";"";"";"";"";Bytów;ul. Przemys³owa;5;"";;
DC.WML.5101.232.2022.2;2027-01-21;SR6OO;Kategoria5;15;PrzemiennikFMDV;"";431.65;439.25;Polski Zwi¹zek Krótkofalowców Oddzia³ Terenowy nr 11 w Opolu;Opole;ul. Skautów Opolskich;15;XI P;"";"";"";"";"";Olesno;ul. Klonowa;1;"";;
DC.WML.5101.237.2022.2;2027-01-21;SR8J;Kategoria5;15;AnalogowyPrzemiennikFM;"";145.1;145.7;Polski Zwi¹zek Krótkofalowców;Warszawa;ul. Augustyna Kordeckiego;66;U1;"";"";"";"";"";Jaros³aw;ul. Rynek;6;33;;
DC.WML.5101.239.2022.2;2027-01-21;SR8DVP;Kategoria5;15;PrzemiennikFMDV;"";430.85;438.45;Polski Zwi¹zek Krótkofalowców;Warszawa;ul. Augustyna Kordeckiego;66;U1;"";"";"";"";"";Kazimierz Dolny;ul. Góry;46;"";;
DC.WML.5101.240.2022.2;2027-01-21;SR8PL;Kategoria5;15;PrzemiennikFMDV;"";431.4875;439.0875;Polski Zwi¹zek Krótkofalowców;Warszawa;ul. Augustyna Kordeckiego;66;U1;"";"";"";"";"";Kazimierz Dolny;ul. Góry;46;"";;
DC.WML.5101.263.2022.2;2027-01-27;SR5UR;Kategoria5;15;PrzemiennikFMDV;"";431.7;439.3;Ochotnicza Stra¿ Po¿arna URSUS;Warszawa;ul. Rynkowa;8;"";"";"";"";"";"";Warszawa;ul. Rynkowa;8;"";;
DC.WML.5101.352.2022.2;2027-01-31;SR7UVK;Kategoria5;10;CyfrowyPrzemiennik;"";431.525;439.1625;Polski Zwi¹zek Krótkofalowców;Warszawa;ul. Augustyna Kordeckiego;66;U1;"";"";"";"";"";Œwiêty Krzy¿ - RTCN;"";"";"";;
DC.WML.5101.353.2022.2;2027-01-31;SR7KP;Kategoria5;10;AnalogowyPrzemiennikFM;"";431.825;439.425;Polski Zwi¹zek Krótkofalowców;Warszawa;ul. Augustyna Kordeckiego;66;U1;"";"";"";"";"";Kielce;os. Na Stoku;36;"";;
DC.WML.5101.354.2022.2;2027-01-31;SR7KI;Kategoria5;10;AnalogowyPrzemiennikFM;"";431.125;438.725;Polski Zwi¹zek Krótkofalowców;Warszawa;ul. Augustyna Kordeckiego;66;U1;"";"";"";"";"";Œwiêty Krzy¿ - RTCN;"";"";"";;
DC.WML.5101.355.2022.2;2027-01-31;SR7V;Kategoria5;10;AnalogowyPrzemiennikFM;"";145.025;145.625;Polski Zwi¹zek Krótkofalowców;Warszawa;ul. Augustyna Kordeckiego;66;U1;"";"";"";"";"";Œwiêty Krzy¿ - RTCN;"";"";"";;
DC.WML.5101.3317.2021.7;2026-10-05;SR0CK;Kategoria5;15;CyfrowyPrzemiennik;"";145.1625, 431.4625, 144.8;145.7625, 439.0625, 144.8;Stowarzyszenie Radiowe Serock;Serock;ul. Mickiewicza;13;"";"";"";"";"";"";Cupel;ul. Ró¿ana;13;"";;
DC.WML.5101.505.2022.2;2027-02-09;SR8JR;Kategoria5;15;AnalogowyPrzemiennikFM;"";431.65;439.25;Polski Zwi¹zek Krótkofalowców;Warszawa;ul. Augustyna Kordeckiego;66;U1;"";"";"";"";"";Jaros³aw;ul. Rynek;6;33;;
DC.WML.5101.506.2022.2;2027-02-09;SR2C;Kategoria5;10;AnalogowyPrzemiennikFM;"";145;145.6;Polski Zwi¹zek Krótkofalowców;Warszawa;ul. Augustyna Kordeckiego;66;U1;"";"";"";"";"";Chwaszczyno;ul. Telewizyjna;9;"";;
DC.WML.5101.507.2022.2;2027-02-09;SR2GS;Kategoria5;10;AnalogowyPrzemiennikFM;"";430.95;438.55;Polski Zwi¹zek Krótkofalowców;Warszawa;ul. Augustyna Kordeckiego;66;U1;"";"";"";"";"";Chwaszczyno;ul. Telewizyjna;9;"";;
DC.WML.5101.508.2022.2;2027-02-09;SR2GT;Kategoria5;10;AnalogowyPrzemiennikFM;"";431.425;439.025;Polski Zwi¹zek Krótkofalowców;Warszawa;ul. Augustyna Kordeckiego;66;U1;"";"";"";"";"";Chwaszczyno;ul. Telewizyjna;9;"";;
DC.WML.5101.509.2022.2;2027-02-09;SR2UVG;Kategoria5;10;CyfrowyPrzemiennik;"";431.2375, 431.0875;438.8375, 438.6875;Polski Zwi¹zek Krótkofalowców;Warszawa;ul. Augustyna Kordeckiego;66;U1;"";"";"";"";"";Chwaszczyno;ul. Telewizyjna;9;"";;
DC.WML.5101.684.2022.2;2027-02-21;SR8DRL;Kategoria5;15;CyfrowyPrzemiennik;"";430.675;438.275;Polski Zwi¹zek Krótkofalowców;Warszawa;ul. Augustyna Kordeckiego;66;U1;"";"";"";"";"";Lublin;ul. Nadbystrzycka;42;DS2;;
DC.WML.5101.685.2022.2;2027-02-22;SR8FHL;Kategoria5;15;Radiolatarnia;"";50.0365;50.0365;Polski Zwi¹zek Krótkofalowców;Warszawa;ul. Augustyna Kordeckiego;66;U1;"";"";"";"";"";Lublin;ul. Dobrzañskiego;36;"";;
DC.WML.5101.686.2022.4;2027-02-21;SR8FWD;Kategoria5;15;CyfrowyPrzemiennik;"";431.1125;438.7125;Polski Zwi¹zek Krótkofalowców;Warszawa;ul. Augustyna Kordeckiego;66;U1;"";"";"";"";"";W³odawa;ul. Pi³sudskiego;66;"";;
DC.WML.5101.875.2022.2;2027-03-20;SR2NWG;Kategoria5;10;PrzekaznikAPRS;"";433.8, 144.8;433.8, 144.8;Polski Zwi¹zek Krótkofalowców;Warszawa;ul. Augustyna Kordeckiego;66;U1;"";"";"";"";"";Gdañsk;ul. Migowska;15;"";;
DC.WML.5101.1135.2022.2;2027-03-16;SR7FUS;Kategoria5;15;CyfrowyPrzemiennik;"";431.0125;438.6125;Polski Zwi¹zek Krótkofalowców;Warszawa;ul. Augustyna Kordeckiego;66;U1;"";"";"";"";"";Góra Kamieñsk - obiekt Emitel;"";"";"";;
DC.WML.5101.1138.2022.2;2027-03-16;SR3KH;Kategoria5;15;AnalogowyPrzemiennikFM;"";431.2;438.8;Polski Zwi¹zek Krótkofalowców;Warszawa;ul. Augustyna Kordeckiego;66;U1;"";"";"";"";"";Ko³o;ul. Blizna;21;"";;
DC.WML.5101.1334.2022.2;2027-03-29;SR9WXLI;Kategoria5;15;StacjaPogodowa;"";144.95;144.95;Polski Zwi¹zek Krótkofalowców;Warszawa;ul. Augustyna Kordeckiego;66;U1;"";"";"";"";"";Limanowa;ul. Bronis³awa Czecha;4;"";;
DC.WML.5101.1514.2022.2;2027-04-08;SR8UVP;Kategoria5;15;PrzemiennikFMDV;"";431.8625;439.4625;Polski Zwi¹zek Krótkofalowców;Warszawa;ul. Augustyna Kordeckiego;66;U1;"";"";"";"";"";Kazimierz Dolny;Góry;46;"";;
DC.WML.5101.1516.2022.2;2027-04-08;SR8NPU;Kategoria5;15;PrzemiennikFMDV;"";144.85, 144.8;144.85, 144.8;Polski Zwi¹zek Krótkofalowców;Warszawa;ul. Augustyna Kordeckiego;66;U1;"";"";"";"";"";Kazimierz Dolny;ul. Góry;46;"";;
DC.WML.5101.1517.2022.2;2027-04-08;SR8PU;Kategoria5;15;PrzemiennikFMDV;"";431.25;438.85;Polski Zwi¹zek Krótkofalowców;Warszawa;ul. Augustyna Kordeckiego;66;U1;"";"";"";"";"";Kazimierz Dolny;ul. Góry;46;"";;
DC.WML.5101.1587.2022.3;2027-04-14;SR9POD;Kategoria5;10;PrzekaznikAPRS;"";144.8;144.8;Ma³opolskie Stowarzyszenie Krótkofalowców, Oddzia³ Terenowy Polskiego Zwi¹zku Krótkofalowców w Krakowie;Kraków;ul. Basztowa;15;17;"";"";"";"";"";D¹browa;ul. Podlas;"";"";;
DC.WML.5101.1588.2022.3;2027-04-14;SR9OA;Kategoria5;10;AnalogowyPrzemiennikFM;"";431.15;438.75;Ma³opolskie Stowarzyszenie Krótkofalowców, Oddzia³ Terenowy Polskiego Zwi¹zku Krótkofalowców w Krakowie;Kraków;ul. Basztowa;15;17;"";"";"";"";"";D¹browa;ul. Podlas;"";"";;
DC.WML.5101.1668.2022.3;2027-04-21;SR9E;Kategoria5;15;AnalogowyPrzemiennikFM;"";145.125;145.725;Polski Zwi¹zek Krótkofalowców;Warszawa;ul. Augustyna Kordeckiego;66;U1;"";"";"";"";"";Siemianowice Œl¹skie;ul. Wróblewskiego;71;"";;
DC.WML.5101.1721.2022.2;2027-04-25;SR8RLE;Kategoria5;15;Radiolatarnia;"";50.405, 10368.864;50.405, 10368.864;Polski Zwi¹zek Krótkofalowców;Warszawa;ul. Augustyna Kordeckiego;66;U1;"";"";"";"";"";Giedlarowa;"";"";"";;
DC.WML.5101.2309.2022.2;2027-05-27;SR1NOC;Kategoria5;15;PrzekaznikAPRS;"";432.5, 144.8;432.5, 144.8;Polski Zwi¹zek Krótkofalowców;Warszawa;ul. Augustyna Kordeckiego;66;U1;"";"";"";"";"";Chojna;ul. Boles³awa Chrobrego;17A;"";;
DC.WML.5101.2310.2022.2;2027-05-27;SR6B;Kategoria5;10;AnalogowyPrzemiennikFM;"";145.1625;145.7625;Polski Zwi¹zek Krótkofalowców;Warszawa;ul. Augustyna Kordeckiego;66;U1;"";"";"";"";"";Dzia³oszyn - Stacja METEO;"";"";"";;
DC.WML.5101.2311.2022.2;2027-05-27;SR5NOS;Kategoria5;15;PrzekaznikAPRS;"";144.8;144.8;Polski Zwi¹zek Krótkofalowców;Warszawa;ul. Augustyna Kordeckiego;66;U1;"";"";"";"";"";Zawady;"";71;"";;
DC.WML.5101.2312.2022.2;2027-05-27;SR5O;Kategoria5;15;PrzemiennikFMDV;"";145.075;145.675;Polski Zwi¹zek Krótkofalowców;Warszawa;ul. Augustyna Kordeckiego;66;U1;"";"";"";"";"";Ostro³êka;ul. Sienkiewicza;3;"";;
DC.WML.5101.2315.2022.2;2027-05-27;SR6DBA;Kategoria5;10;CyfrowaStacjaWezlowa;"";1299.7, 1299.6, 1299.25, 438.1125, 144.875;1299.7, 1299.6, 1299.25, 438.1125, 144.875;Polski Zwi¹zek Krótkofalowców;Warszawa;ul. Augustyna Kordeckiego;66;U1;"";"";"";"";"";Dzia³oszyn - Stacja METEO;"";"";"";;
DC.WML.5101.2316.2022.2;2027-05-27;SR6BBA;Kategoria5;10;CyfrowaStacjaWezlowa;"";1299.7, 1299.6, 1299.25, 438.1125, 144.875;1240.7, 1240.6, 1240.25, 438.1125, 144.875;Polski Zwi¹zek Krótkofalowców;Warszawa;ul. Augustyna Kordeckiego;66;U1;"";"";"";"";"";Dzia³oszyn - Stacja METEO;"";"";"";;
DC.WML.5101.1742.2022.4;2027-05-31;SR5P;Kategoria5;15;AnalogowyPrzemiennikFM;"";145.125;145.725;Chor¹giew Mazowiecka Zwi¹zku Harcerstwa Polskiego;P³ock;ul. Krótka;3a;"";"";"";"";"";"";P³ock;ul. Powstañców Styczniowych;19;"";;
DC.WML.5101.1743.2022.4;2027-05-31;SR5PL;Kategoria5;15;AnalogowyPrzemiennikFM;"";431.525;439.125;Chor¹giew Mazowiecka Zwi¹zku Harcerstwa Polskiego;P³ock;ul. Krótka;3a;"";"";"";"";"";"";P³ock;ul. Powstañców Styczniowych ;19;"";;
DC.WML.5101.2464.2022.2;2027-06-02;SR3XXX;Kategoria5;15;PrzemiennikFMDV;"";431.1;438.7;Polski Zwi¹zek Krótkofalowców;Warszawa;ul. Augustyna Kordeckiego;66;U1;"";"";"";"";"";Góra;"";42;"";;
DC.WML.5101.2465.2022.2;2027-06-02;SR2T;Kategoria5;15;AnalogowyPrzemiennikFM;"";145.175;145.775;Polski Zwi¹zek Krótkofalowców;Warszawa;ul. Augustyna Kordeckiego;66;U1;"";"";"";"";"";Toruñ;ul. Ligi Polskiej;5;"";;
DC.WML.5101.2696.2022.2;2027-06-15;SR9NS;Kategoria5;15;AnalogowyPrzemiennikFM;"";431.625;439.225;Polski Zwi¹zek Krótkofalowców;Warszawa;ul. Augustyna Kordeckiego;66;U1;"";"";"";"";"";Nowy S¹cz - Góra Mu¿eñ Wie¿a EMITEL;"";"";"";;
DC.WML.5101.2697.2022.2;2027-06-15;SR9NH;Kategoria5;15;PrzekaznikAPRS;"";144.8;144.8;Polski Zwi¹zek Krótkofalowców;Warszawa;ul. Augustyna Kordeckiego;66;U1;"";"";"";"";"";Kraków;ul. Powstanców ;26;"";;
DC.WML.5101.2856.2022.2;2027-06-27;SR2NMG;Kategoria5;15;PrzekaznikAPRS;"";433.5, 144.8;433.5, 144.8;Polski Zwi¹zek Krótkofalowców;Warszawa;ul. Augustyna Kordeckiego;66;U1;"";"";"";"";"";Gniewino;"";"";"";;
DC.WML.5101.2919.2022.2;2027-06-29;SR1P;Kategoria5;15;AnalogowyPrzemiennikFM;"";145.125;145.725;Polski Zwi¹zek Krótkofalowców;Warszawa;ul. Augustyna Kordeckiego;66;U1;"";"";"";"";"";Postomino;"";64;"";;
DC.WML.5101.2936.2022.2;2027-08-07;SR2G;Kategoria5;10;PrzemiennikFMDV;"";145.1;145.7;Polski Zwi¹zek Krótkofalowców;Warszawa;ul. Augustyna Kordeckiego;66;U1;"";"";"";"";"";Gdañsk;ul. D³ugie Ogrody;24;"";;
DC.WML.5101.2937.2022.2;2027-08-07;SR2GD;Kategoria5;10;PrzemiennikFMDV;"";431.4875, 431.475, 431.4625;439.0875, 439.075, 439.0625;Polski Zwi¹zek Krótkofalowców;Warszawa;ul. Augustyna Kordeckiego;66;U1;"";"";"";"";"";Gdañsk;ul. D³ugie Ogrody;24;"";;
DC.WML.5101.3307.2022.3;2027-07-25;SR6J;Kategoria5;15;AnalogowyPrzemiennikFM;"";145.075;145.675;Polski Zwi¹zek Krótkofalowców;Warszawa;ul. Augustyna Kordeckiego;66;U1;"";"";"";"";"";Szklarska Porêba - Góra Szrenica;"";"";"";;
DC.WML.5101.3308.2022.3;2027-07-25;SR6JG;Kategoria5;15;AnalogowyPrzemiennikFM;"";431.075;438.675;Polski Zwi¹zek Krótkofalowców;Warszawa;ul. Augustyna Kordeckiego;66;U1;"";"";"";"";"";Karpacz - Góra Ma³a Kopa;"";"";"";;
DC.WML.5101.3309.2022.3;2027-07-25;SR6XHZ;Kategoria5;1;Radiolatarnia;"";10368.83;10368.83;Polski Zwi¹zek Krótkofalowców;Warszawa;ul. Augustyna Kordeckiego;66;U1;"";"";"";"";"";Szklarska Porêba;"";"";"";;
DC.WML.5101.3310.2022.3;2027-07-25;SR6LHZ;Kategoria5;1;Radiolatarnia;"";1296.83;1296.83;Polski Zwi¹zek Krótkofalowców;Warszawa;ul. Augustyna Kordeckiego;66;U1;"";"";"";"";"";Szklarska Porêba;"";"";"";;
DC.WML.5101.3321.2022.2;2027-07-27;SR1KOL;Kategoria5;15;Radiolatarnia;"";1296.96;1296.96;Polski Zwi¹zek Krótkofalowców;Warszawa;ul. Augustyna Kordeckiego;66;U1;"";"";"";"";"";Ko³obrzeg;ul. Chodkiewicza;28;"";;
DC.WML.5101.3354.2022.2;2027-07-27;SR3NOW;Kategoria5;15;PrzekaznikAPRS;"";144.8;144.8;Polski Zwi¹zek Krótkofalowców;Warszawa;ul. Augustyna Kordeckiego;66;U1;"";"";"";"";"";Ostrów Wielkopolski;ul. Poznañska;43;"";;
DC.WML.5101.3454.2022.2;2027-08-08;SR5WL;Kategoria5;15;AnalogowyPrzemiennikFM;"";145.025;145.625;Chor¹giew Sto³eczna Zwi¹zku Harcerstwa Polskiego;Warszawa;Piaskowa;4;"";"";"";"";"";"";Warszawa;ul. Braci Za³uskich;1;"";;
DC.WML.5101.3455.2022.3;2027-08-08;SR1RE;Kategoria5;15;AnalogowyPrzemiennikFM;"";431.55;439.15;Ba³tyckie Stowarzyszenie Krótkofalowców;Ko³obrzeg;ul. Gie³dowa;11;35;"";"";"";"";"";Resko;ul. Bohaterów Monte Cassino;12;"";;
DC.WML.5101.4004.2022.2;2027-09-21;SR8LUF;Kategoria5;15;CyfrowyPrzemiennik;"";431.925;439.525;Polski Zwi¹zek Krótkofalowców;Warszawa;ul. Augustyna Kordeckiego;66;U1;"";"";"";"";"";Lublin;ul. Bohdana Dobrzañskiego;35;"";;
DC.WML.5101.4271.2022.2;2027-10-18;SR9NDX;Kategoria5;15;PrzekaznikAPRS;"";144.8;144.8;Polski Zwi¹zek Krótkofalowców;Warszawa;ul. Augustyna Kordeckiego;66;U1;"";"";"";"";"";Siemianowice Œl¹skie;ul. Wróblewskiego;71;"";;
DC.WML.5101.4272.2022.2;2027-10-18;SR8B;Kategoria5;15;AnalogowyPrzemiennikFM;"";145.1875;145.7875;Polski Zwi¹zek Krótkofalowców;Warszawa;ul. Augustyna Kordeckiego;66;U1;"";"";"";"";"";Le¿ajsk;"";"";"";;
DC.WML.5101.4300.2022.3;2027-11-29;SR4LO;Kategoria5;10;AnalogowyPrzemiennikFM;"";431.5;439.1;£om¿yñskie Stowarzyszenie Krótkofalowców;£om¿a;ul. Wojska Polskiego;161D;39;"";"";"";"";"";£om¿a;ul. Szosa Zambrowska;122;"";;
DC.WML.5101.4611.2022.2;2027-11-08;SR1LS;Kategoria5;15;AnalogowyPrzemiennikFM;"";1270.3;1298.3;Polski Zwi¹zek Krótkofalowców;Warszawa;ul. Augustyna Kordeckiego;66;U1;"";"";"";"";"";Szczecin;ul. Santocka;15;"";;
DC.WML.5101.4612.2022.2;2027-11-08;SR3XHO;Kategoria5;5;Radiolatarnia;"";"";10368.884;Polski Zwi¹zek Krótkofalowców;Warszawa;ul. Augustyna Kordeckiego;66;U1;"";"";"";"";"";Ostrów Wielkopolski;ul. Poznañska;43;"";;
DC.WML.5101.4613.2022.2;2027-11-08;SR8DBN;Kategoria5;15;PrzekaznikAPRS;"";432.5, 144.8;432.5, 144.8;Polski Zwi¹zek Krótkofalowców;Warszawa;ul. Augustyna Kordeckiego;66;U1;"";"";"";"";"";Dêblin;ul. Staszica;5;"";;
DC.WML.5101.4614.2022.2;2027-11-08;SR8NAD;Kategoria5;15;CyfrowyPrzemiennik;"";434.5;434.5;Polski Zwi¹zek Krótkofalowców;Warszawa;ul. Augustyna Kordeckiego;66;U1;"";"";"";"";"";Stê¿yca;ul. Nadwiœlanska;25;"";;
DC.WML.5101.4615.2022.2;2027-11-08;SR8ULZ;Kategoria5;15;PrzekaznikAPRS;"";432.5, 144.8;432.5, 144.8;Polski Zwi¹zek Krótkofalowców;Warszawa;ul. Augustyna Kordeckiego;66;U1;"";"";"";"";"";U³ê¿;"";dz. nr 284;"";;
DC.WML.5101.4666.2022.3;2027-11-16;SR8SD;Kategoria5;15;AnalogowyPrzemiennikFM;"";431.725;439.325;Stowarzyszenie Krótkofalowców i Radioamatorów;Œwidnik;ul. K.K.Baczyñskiego;6;6A;"";"";"";"";"";Œwidnik;ul.Jarzêbinowa;1;"";;
DC.WML.5101.4793.2022.2;2027-11-28;SR6GL;Kategoria5;10;CyfrowyPrzemiennik;"";431.15;438.75;Stowarzyszenie Krótkofalowców Pogórza Opawskiego;G³ubczyce;ul. Wi¹zowa;7;"";"";"";"";"";"";G³ubczyce;ul. Koœciuszki;24;"";;
DC.WML.5101.4840.2022.2;2027-11-28;SR6DWS;Kategoria5;15;CyfrowyPrzemiennik;"";430.8625;438.4625;Polski Zwi¹zek Krótkofalowców;Warszawa;ul. Augustyna Kordeckiego;66;U1;"";"";"";"";"";Wielka Sowa - szczyt górski, wie¿a widokowa;"";"";"";;
DC.WML.5101.4841.2022.2;2027-11-28;SR6LWS;Kategoria5;15;AnalogowyPrzemiennikFM;"";431.6875;439.2875;Polski Zwi¹zek Krótkofalowców;Warszawa;ul. Augustyna Kordeckiego;66;U1;"";"";"";"";"";Wielka Sowa - szczyt góry, wie¿a widokowa;"";"";"";;
DC.WML.5101.4842.2022.2;2027-11-28;SR6RWS;Kategoria5;15;CyfrowyPrzemiennik;"";430.6;438.2;Polski Zwi¹zek Krótkofalowców;Warszawa;ul. Augustyna Kordeckiego;66;U1;"";"";"";"";"";Wielka Sowa - szczyt góry, wie¿a widokowa;"";"";"";;
DC.WML.5101.4843.2022.2;2027-11-28;SR6S;Kategoria5;15;AnalogowyPrzemiennikFM;"";145.1875;145.7875;Polski Zwi¹zek Krótkofalowców;Warszawa;ul. Augustyna Kordeckiego;66;U1;"";"";"";"";"";Wielka Sowa - szczyt góry, wie¿a widokowa;"";"";"";;
DC.WML.5101.4844.2022.2;2027-11-28;SR6WS;Kategoria5;15;AnalogowyPrzemiennikFM;"";431.325;438.925;Polski Zwi¹zek Krótkofalowców;Warszawa;ul. Augustyna Kordeckiego;66;U1;"";"";"";"";"";Wielka Sowa - szczyt góry, wie¿a widokowa;"";"";"";;
DC.WML.5101.4813.2022.3;2027-11-28;SR9ZHP;Kategoria5;15;AnalogowyPrzemiennikFM;"";145.2875;145.2875;Zwi¹zek Harcerstwa Polskiego, Chor¹giew Œl¹ska;Chorzów;Al. Harcerska;3B;"";"";"";"";"";"";Bêdzin;ul. Przechodnia;1;"";;
DC.WML.5101.4891.2022.2;2027-11-30;SR9CZ;Kategoria5;15;PrzemiennikFMDV;"";431.575;439.175;Polski Zwi¹zek Krótkofalowców;Warszawa;ul. Augustyna Kordeckiego;66;U1;"";"";"";"";"";Czêstochowa;ul. Lelewela;3/9;"";;
DC.WML.5101.4892.2022.2;2027-11-30;SR9J;Kategoria5;15;AnalogowyPrzemiennikFM;"";145.1875;145.7875;Polski Zwi¹zek Krótkofalowców;Warszawa;ul. Augustyna Kordeckiego;66;U1;"";"";"";"";"";Czêstochowa;ul. Lelewela;3/9;"";;
DC.WML.5101.5377.2022.2;2028-01-02;SR2PB;Kategoria5;15;AnalogowyPrzemiennikFM;"";145.1375;145.7375;Polski Zwi¹zek Krótkofalowców;Warszawa;ul. Augustyna Kordeckiego;66;U1;"";"";"";"";"";Brodnica;ul. S³oneczna;9;"";;
DC.WML.5101.5378.2022.2;2028-01-02;SR9SS;Kategoria5;15;PrzemiennikFMDV;"";431.5;439.1;Polski Zwi¹zek Krótkofalowców;Warszawa;ul. Augustyna Kordeckiego;66;U1;"";"";"";"";"";Siemianowice Œl¹skie;ul. Wróblewskiego;71;"";;
DC.WML.5101.5379.2022.3;2028-01-02;SR8BI;Kategoria5;15;PrzemiennikFMDV;"";431.3;438.9;Polski Zwi¹zek Krótkofalowców;Warszawa;ul. Augustyna Kordeckiego;66;U1;"";"";"";"";"";Baligród - Góra Kiczera;"";"";"";;
DC.WML.5101.5380.2022.3;2028-01-02;SR8T;Kategoria5;15;AnalogowyPrzemiennikFM;"";145.125;145.725;Polski Zwi¹zek Krótkofalowców;Warszawa;ul. Augustyna Kordeckiego;66;U1;"";"";"";"";"";Czarnorzeki - Sucha Góra ;"";"";"";;
DC.WML.5101.5381.2022.3;2028-01-02;SR8U;Kategoria5;15;AnalogowyPrzemiennikFM;"";145.0875;145.6875;Polski Zwi¹zek Krótkofalowców;Warszawa;ul. Augustyna Kordeckiego;66;U1;"";"";"";"";"";Baligród - Góra Kiczera;"";"";"";;
DC.WML.5101.14.2023.2;2028-01-03;SR2GA;Kategoria5;10;AnalogowyPrzemiennikFM;"";431.375;438.975;Polski Zwi¹zek Krótkofalowców;Warszawa;ul. Augustyna Kordeckiego;66;U1;"";"";"";"";"";W³adys³awowo;ul. Bohaterów Kaszubskich;Dz. 593/2;"";;
DC.WML.5101.53.2023.3;2028-01-05;SR3L;Kategoria5;15;AnalogowyPrzemiennikFM;"";145.175;145.775;Polski Zwi¹zek Krótkofalowców;Warszawa;ul. Augustyna Kordeckiego;66;U1;"";"";"";"";"";Leszno;ul. Armii Krajowej;4;"";;
DC.WML.5101.340.2023.2;2028-01-20;SR2WXG;Kategoria5;10;StacjaPogodowa;"";144.95;144.95;Polski Zwi¹zek Krótkofalowców;Warszawa;ul. Augustyna Kordeckiego;66;U1;"";"";"";"";"";Gdynia;ul. Beniowskiego;20-22;"";;
DC.WML.5101.341.2023.2;2028-01-23;SR3G;Kategoria5;5;AnalogowyPrzemiennikFM;"";145.15;145.75;Polski Zwi¹zek Krótkofalowców;Warszawa;ul. Augustyna Kordeckiego;66;U1;"";"";"";"";"";Gorzów Wielkopolski;ul. Walczaka;13;"";;
DC.WML.5101.389.2023.2;2028-01-24;SR3NDG;Kategoria5;5;StacjaPogodowaAPRS;"";144.8;144.8;Polski Zwi¹zek Krótkofalowców;Warszawa;ul. Augustyna Kordeckiego;66;U1;"";"";"";"";"";Gorzów Wielkopolski;ul. Lazurytowa;11;"";;
DC.WML.5101.390.2023.2;2028-01-24;SR3Z;Kategoria5;5;AnalogowyPrzemiennikFM;"";145.1125;145.7125;Polski Zwi¹zek Krótkofalowców;Warszawa;ul. Augustyna Kordeckiego;66;U1;"";"";"";"";"";Zielona Góra;ul. Osiedlowa;17;"";;
DC.WML.5101.391.2023.2;2028-01-24;SR3ZX;Kategoria5;5;CyfrowyPrzemiennik, AnalogowyPrzemiennikFM;"";431.75;439.35;Polski Zwi¹zek Krótkofalowców;Warszawa;ul. Augustyna Kordeckiego;66;U1;"";"";"";"";"";Zielona Góra;ul. Osiedlowa;17;"";;
DC.WML.5101.398.2023.2;2028-01-25;SR2GN;Kategoria5;10;AnalogowyPrzemiennikFM;"";431.725;439.325;Polski Zwi¹zek Krótkofalowców;Warszawa;ul. Augustyna Kordeckiego;66;U1;"";"";"";"";"";Strzebielinko;"";"";"";;
DC.WML.5101.405.2023.4;2028-01-25;SR9GR;Kategoria5;15;PrzemiennikFMDV;"";430.9375;438.5375;Polski Zwi¹zek Krótkofalowców;Warszawa;ul. Augustyna Kordeckiego;66;U1;"";"";"";"";"";Gorlice - Góra Cmentarna;"";"";"";;
DC.WML.5101.407.2023.2;2027-02-09;SR9KGR;Kategoria5;15;PrzekaznikAPRS;"";144.8;144.8;Polski Zwi¹zek Krótkofalowców;Warszawa;ul. Augustyna Kordeckiego;66;U1;"";"";"";"";"";Gorlice - Góra Cmentarna;"";"";"";;
DC.WML.5101.413.2023.2;2028-01-25;SR6DZM;Kategoria5;15;CyfrowyPrzemiennik;"";431.0375;438.6375;Polski Zwi¹zek Krótkofalowców;Warszawa;ul. Augustyna Kordeckiego;66;U1;"";"";"";"";"";¯migród;ul. Kolejowa;10;"";;
DC.WML.5101.414.2023.2;2028-01-25;SR6LZM;Kategoria5;15;AnalogowyPrzemiennikFM;"";431;438.6;Polski Zwi¹zek Krótkofalowców;Warszawa;ul. Augustyna Kordeckiego;66;U1;"";"";"";"";"";¯migród;ul. Kolejowa;10;"";;
DC.WML.5101.415.2023.2;2028-01-25;SR6NDZ;Kategoria5;15;CyfrowyPrzemiennik;"";432.5, 144.8;432.5, 144.8;Polski Zwi¹zek Krótkofalowców;Warszawa;ul. Augustyna Kordeckiego;66;U1;"";"";"";"";"";¯migród;ul. Stefana Batorego;1;"";;
DC.WML.5101.450.2023.2;2028-01-27;SR2OK;Kategoria5;15;PrzemiennikFMDV;"";431.275;438.875;Polski Zwi¹zek Krótkofalowców;Warszawa;ul. Augustyna Kordeckiego;66;U1;"";"";"";"";"";Gdynia;ul. Bosmanska;51;"";;
DC.WML.5101.451.2023.2;2028-01-27;SR2Z;Kategoria5;15;PrzemiennikFMDV;"";145.05;145.65;Polski Zwi¹zek Krótkofalowców;Warszawa;ul. Augustyna Kordeckiego;66;U1;"";"";"";"";"";Gdynia;ul. Bosmañska;51;"";;
DC.WML.5101.460.2023.2;2028-01-27;SR8KRS;Kategoria5;15;PrzekaznikAPRS;"";144.8;144.8;Polski Zwi¹zek Krótkofalowców;Warszawa;ul. Augustyna Kordeckiego;66;U1;"";"";"";"";"";Kraœnik;ul. Kardyna³a Stefana Wyszyñskiego;7;"";;
DC.WML.5101.461.2023.3;2028-01-27;SR3GO;Kategoria5;5;AnalogowyPrzemiennikFM;"";431.575;439.175;Polski Zwi¹zek Krótkofalowców;Warszawa;ul. Augustyna Kordeckiego;66;U1;"";"";"";"";"";Gorzów Wielkopolski;ul. Franciszka Walczaka;13;"";;
DC.WML.5101.468.2023.2;2027-11-16;SR8UVS;Kategoria5;15;PrzemiennikFMDV;"";430.725;438.325;Stowarzyszenie Krótkofalowców i Radioamatorów;Œwidnik;ul. K.K.Baczyñskiego;6;6A;"";"";"";"";"";Œwidnik;ul. Jarzêbinowa;1;"";;
DC.WML.5101.688.2023.3;2028-02-09;SR6C;Kategoria5;15;AnalogowyPrzemiennikFM;"";431.65;439.25;Polski Zwi¹zek Krótkofalowców;Warszawa;ul. Augustyna Kordeckiego;66;U1;"";"";"";"";"";Boles³awiec;Pl. Pi³sudskiego;1;902;;
DC.WML.5101.563.2023.4;2028-02-10;SR9RC;Kategoria5;15;PrzemiennikFMDV;"";431.075;438.675;Stowarzyszenie Krótkofalowców Zag³êbia D¹browskiego;D¹browa Górnicza;ul. Sienkiewicza;6A;"";"";"";"";"";"";Pogrzebieñ;ul. Lubomska;16;"";;
DC.WML.5101.564.2023.4;2028-02-10;SR9EE;Kategoria5;15;PrzemiennikFMDV;"";431.275;438.875;Stowarzyszenie Krótkofalowców Zag³êbia D¹browskiego;D¹browa Górnicza;ul. Sienkiewicza;6A;"";"";"";"";"";"";Szczyrk - Góra Skrzyczne;"";"";"";;
DC.WML.5101.722.2023.2;2028-02-13;SR3ZG;Kategoria5;5;AnalogowyPrzemiennikFM;"";431.475;439.075;Stowarzyszenie Dobry Start;Zielona Góra;ul. Drzonków - S³oneczma;7;"";"";"";"";"";"";Zielona Góra;ul. Cyryla i Metodego;5;"";;
DC.WML.5101.728.2023.2;2028-02-13;SR7MK;Kategoria5;10;CyfrowyPrzemiennik;"";430.875;438.475;Polski Zwi¹zek Krótkofalowców;Warszawa;ul. Augustyna Kordeckiego;66;U1;"";"";"";"";"";Œwiêty Krzy¿;"";"";"";;
DC.WML.5101.730.2023.2;2028-03-19;SR7DMK;Kategoria5;15;CyfrowyPrzemiennik;"";431.8125;439.4125;Polski Zwi¹zek Krótkofalowców;Warszawa;ul. Augustyna Kordeckiego;66;U1;"";"";"";"";"";Œwiêty Krzy¿;"";"";"";;
DC.WML.5101.750.2023.2;2028-02-20;SR8NPG;Kategoria5;15;PrzekaznikAPRS;"";144.8;144.8;Polski Zwi¹zek Krótkofalowców;Warszawa;ul. Augustyna Kordeckiego;66;U1;"";"";"";"";"";W³odawa;ul. Pi³sudskiego;66;"";;
DC.WML.5101.751.2023.2;2028-03-21;SR8WD;Kategoria5;15;AnalogowyPrzemiennikFM;"";431.375;438.975;Polski Zwi¹zek Krótkofalowców;Warszawa;ul. Augustyna Kordeckiego;66;U1;"";"";"";"";"";W³odawa;ul. Jana Paw³a II;29;"";;
DC.WML.5101.840.2023.2;2028-02-22;SR8LHL;Kategoria5;15;Radiolatarnia;"";"";1296.895;Polski Zwi¹zek Krótkofalowców;Warszawa;ul. Augustyna Kordeckiego;66;U1;"";"";"";"";"";Lublin;ul. Bohdana Dobrzañskiego;7;"";;
DC.WML.5101.841.2023.3;2028-04-26;SR1NWT;Kategoria5;15;PrzekaznikAPRS;"";432.5, 144.8;432.5, 144.8;Polski Zwi¹zek Krótkofalowców;Warszawa;ul. Augustyna Kordeckiego;66;U1;"";"";"";"";"";Dêbno;ul. Daszyñskiego;20;"";;
DC.WML.5101.984.2023.2;2028-02-28;SR9TRZ;Kategoria5;15;PrzemiennikFMDV;"";430.975;438.575;Polski Zwi¹zek Krótkofalowców;Warszawa;ul. Augustyna Kordeckiego;66;U1;"";"";"";"";"";Trzebinia;ul. Grunwaldzka;2;"";;
DC.WML.5101.1054.2023.2;2028-03-02;SR3N;Kategoria5;15;AnalogowyPrzemiennikFM;"";145.0875;145.6875;Polski Zwi¹zek Krótkofalowców;Warszawa;ul. Augustyna Kordeckiego;66;U1;"";"";"";"";"";Pi³a;ul. Tetmajera;6;36;;
DC.WML.5101.1055.2023.2;2028-03-02;SR3ZBZ;Kategoria5;15;CyfrowyPrzemiennik;"";430.7625;438.3625;Polski Zwi¹zek Krótkofalowców;Warszawa;ul. Augustyna Kordeckiego;66;U1;"";"";"";"";"";Chodzie¿;ul. Mostowa;14;"";;
DC.WML.5101.1056.2023.2;2028-03-02;SR1Z;Kategoria5;15;AnalogowyPrzemiennikFM;"";145.0375;145.6375;Polski Zwi¹zek Krótkofalowców;Warszawa;ul. Augustyna Kordeckiego;66;U1;"";"";"";"";"";Ko³owo;"";"";"";;
DC.WML.5101.1057.2023.2;2028-03-02;SR1SZD;Kategoria5;15;CyfrowyPrzemiennik;"";432.5, 144.8;432.5, 144.8;Polski Zwi¹zek Krótkofalowców;Warszawa;ul. Augustyna Kordeckiego;66;U1;"";"";"";"";"";Szczecin;ul. Santocka;15;"";;
DC.WML.5101.1059.2023.3;2028-03-02;SR3PI;Kategoria5;15;PrzemiennikFMDV;"";431.45;439.05;Polski Zwi¹zek Krótkofalowców;Warszawa;ul. Augustyna Kordeckiego;66;U1;"";"";"";"";"";Pi³a;ul. Tetmajera;6;36;;
DC.WML.5101.1125.2023.2;2028-03-07;SR6OP;Kategoria5;15;PrzemiennikFMDV;"";431.725;439.325;Polski Zwi¹zek Krótkofalowców Oddzia³ Terenowy nr 11 w Opolu;Opole;ul. Skautów Opolskich;15;XI P;"";"";"";"";"";Opole;ul. Skautów Opolskich;15;XI P;;
DC.WML.5101.1322.2023.2;2028-03-15;SR6UKR;Kategoria5;15;CyfrowyPrzemiennik;"";430.825;438.425;Polski Zwi¹zek Krótkofalowców Oddzia³ Terenowy nr 11 w Opolu;Opole;ul. Skautów Opolskich;15;XI P;"";"";"";"";"";Krapkowice;ul. Damrota;2;"";;
DC.WML.5101.1429.2023.2;2028-03-21;SR4KT;Kategoria5;15;PrzemiennikFMDV;"";431.675;439.275;Polski Zwi¹zek Krótkofalowców;Warszawa;ul. Augustyna Kordeckiego;66;U1;"";"";"";"";"";Kêtrzyn;ul. Wojska Polskiego;9;"";;
DC.WML.5101.1430.2023.2;2028-04-19;SR4J;Kategoria5;15;PrzemiennikFMDV;"";145.025;145.625;Polski Zwi¹zek Krótkofalowców;Warszawa;ul. Augustyna Kordeckiego;66;U1;"";"";"";"";"";Wysoka Wieœ;"";"";"";;
DC.WML.5101.1498.2023.2;2028-03-23;SR6UVO;Kategoria5;15;PrzemiennikFMDV;"";431.7875;439.3875;Polski Zwi¹zek Krótkofalowców Oddzia³ Terenowy nr 11 w Opolu;Opole;ul. Skautów Opolskich;15;XI P;"";"";"";"";"";Opole;ul. Elektrowniana;25;"";;
DC.WML.5101.1551.2023.2;2028-03-28;SR1KG;Kategoria5;10;AnalogowyPrzemiennikFM;"";431.625;439.225;Ba³tyckie Stowarzyszenie Krótkofalowców;Ko³obrzeg;ul. Gie³dowa;11;35;"";"";"";"";"";Ko³obrzeg;ul. Gie³dowa;11;35;;
DC.WML.5101.1557.2023.2;2028-03-28;SR1G;Kategoria5;10;AnalogowyPrzemiennikFM;"";145.025;145.625;Ba³tyckie Stowarzyszenie Krótkofalowców;Ko³obrzeg;ul. Gie³dowa;11;35;"";"";"";"";"";Ko³obrzeg;ul. Gie³dowa;11;35;;
DC.WML.5101.1869.2023.2;2028-04-23;SR8ZBW;Kategoria5;10;Radiolatarnia;"";432.41, 144.438;432.41, 144.438;Polski Zwi¹zek Krótkofalowców;Warszawa;ul. Augustyna Kordeckiego;66;U1;"";"";"";"";"";Jas³o;ul. Stanis³awa Staszica;30;"";;
DC.WML.5101.1942.2023.2;2028-04-18;SR4UBI;Kategoria5;15;CyfrowyPrzemiennik;"";431.825;439.425;Polski Zwi¹zek Krótkofalowców;Warszawa;ul. Augustyna Kordeckiego;66;U1;"";"";"";"";"";Bia³ystok;ul. Bohaterów Monte Cassino;5;128;;
DC.WML.5101.1983.2023.2;2028-04-19;SR8EMS;Kategoria5;15;CyfrowaStacjaWezlowa;"";144.85;144.85;Stowarzyszenie Rzeszowska Krótkofalarska Sieæ Ratunkowa;Wysoka;"";360A;"";"";"";"";"";"";Wysoka;ul. £ysa Góra;12;"";;
DC.WML.5101.2478.2023.2;2028-02-28;SR2UVF;Kategoria5;15;CyfrowyPrzemiennik;"";431.3375;438.9375;Polski Zwi¹zek Krótkofalowców;Warszawa;ul. Augustyna Kordeckiego;66;U1;"";"";"";"";"";Bydgoszcz;ul. Kaliskiego;12 DSF1;"";;
DC.WML.5101.2479.2023.2;2028-03-14;SR2DBM;Kategoria5;15;PrzekaznikAPRS;"";144.8;144.8;Polski Zwi¹zek Krótkofalowców;Warszawa;ul. Augustyna Kordeckiego;66;U1;"";"";"";"";"";Bydgoszcz;ul. Kaliskiego;12 DSF1;"";;
DC.WML.5101.2487.2023.2;2028-03-14;SR2PUT;Kategoria5;15;PrzekaznikAPRS;"";144.8;144.8;Polski Zwi¹zek Krótkofalowców;Warszawa;ul. Augustyna Kordeckiego;66;U1;"";"";"";"";"";Bydgoszcz;ul. Seminaryjna;3;"";;
DC.WML.5101.2564.2023.2;2028-05-19;SR8RZ;Kategoria5;15;PrzemiennikFMDV;"";431.65;439.25;Polski Zwi¹zek Krótkofalowców;Warszawa;ul. Augustyna Kordeckiego;66;U1;"";"";"";"";"";Rac³awówka;"";200B;"";;
DC.WML.5101.2565.2023.2;2028-05-19;SR8R;Kategoria5;15;AnalogowyPrzemiennikFM;"";145.075;145.675;Polski Zwi¹zek Krótkofalowców;Warszawa;ul. Augustyna Kordeckiego;66;U1;"";"";"";"";"";Œwilcza;"";556CA;"";;
DC.WML.5101.2566.2023.2;2028-05-19;SR8NWD;Kategoria5;15;PrzekaznikAPRS;"";144.8;144.8;Polski Zwi¹zek Krótkofalowców;Warszawa;ul. Augustyna Kordeckiego;66;U1;"";"";"";"";"";Drohobyczka;"";198;"";;
DC.WML.5101.2567.2023.2;2028-05-19;SR8K;Kategoria5;15;PrzemiennikFMDV;"";145;145.6;Polski Zwi¹zek Krótkofalowców;Warszawa;ul. Augustyna Kordeckiego;66;U1;"";"";"";"";"";Drohobyczka;"";198;"";;
DC.WML.5101.2568.2023.2;2028-05-19;SR8DU;Kategoria5;15;PrzemiennikFMDV;"";431.4;439;Polski Zwi¹zek Krótkofalowców;Warszawa;ul. Augustyna Kordeckiego;66;U1;"";"";"";"";"";Drohobyczka;"";198;"";;
DC.WML.5101.2635.2023.3;2028-05-23;SR2MAL;Kategoria5;15;PrzemiennikFMDV;"";431.4625;439.0625;Zwi¹zek Harcerstwa Polskiego, Chor¹giew Gdañska;Gdañsk;ul. Za Murami;2-10;"";"";"";"";"";"";Malbork;ul. Narutowicza;14;"";;
DC.WML.5101.3102.2023.2;2028-06-19;SR5KAB;Kategoria5;15;CyfrowyPrzemiennik;"";431.8;439.4;Liga Obrony Kraju;Warszawa;ul. Chocimska;14;"";"";"";"";"";"";Warszawa;ul. Mokotowska;17;34;;
DC.WML.5101.3124.2023.2;2028-06-20;SR8FHJ;Kategoria5;10;Radiolatarnia;"";70.102;70.102;Polski Zwi¹zek Krótkofalowców;Warszawa;ul. Augustyna Kordeckiego;66;U1;"";"";"";"";"";Jas³o;ul. Stanis³awa Staszica;30;"";;
DC.WML.5101.3125.2023.2;2028-07-10;SR5WAD;Kategoria5;15;CyfrowyPrzemiennik;"";430.7375;438.3375;Warszawski Oddzia³ Terenowy Polskiego Zwi¹zku Krótkofalowców;Warszawa;ul. Eugeniusza Lokajskiego;22;42;"";"";"";"";"";Warszawa;ul. Che³m¿yñska;180;"";;
DC.WML.5101.3157.2023.2;2025-11-09;SR5W;Kategoria5;15;PrzemiennikFMDV;"";145.15;145.75;Warszawski Oddzia³ Terenowy Polskiego Zwi¹zku Krótkofalowców;Warszawa;ul. Eugeniusza Lokajskiego;22;42;"";"";"";"";"";Warszawa;ul.Che³m¿yñska;180;"";;
DC.WML.5101.3161.2023.2;2025-11-09;SR5WA;Kategoria5;15;PrzemiennikFMDV;"";431.75;439.35;Warszawski Oddzia³ Terenowy Polskiego Zwi¹zku Krótkofalowców;Warszawa;ul. Eugeniusza Lokajskiego;22;42;"";"";"";"";"";Warszawa;ul. Che³m¿yñska;180;"";;
DC.WML.5101.3330.2023.2;2028-06-29;SR1KO;Kategoria5;10;AnalogowyPrzemiennikFM;"";145.075;434.575;Polski Zwi¹zek Krótkofalowców;Warszawa;ul. Augustyna Kordeckiego;66;U1;"";"";"";"";"";Koszalin;ul. Kwiatkowskiego;26A145,;"";;
DC.WML.5101.3373.2023.2;2028-06-29;SR1N;Kategoria5;10;AnalogowyPrzemiennikFM;"";434.575;145.675;Polski Zwi¹zek Krótkofalowców;Warszawa;ul. Augustyna Kordeckiego;66;U1;"";"";"";"";"";Koszalin;ul. Emilii Plater ;2A;"";;
DC.WML.5101.3376.2023.2;2028-06-29;SR9UPZ;Kategoria5;15;CyfrowyPrzemiennik;"";430.9875;438.5875;Polski Zwi¹zek Krótkofalowców;Warszawa;ul. Augustyna Kordeckiego;66;U1;"";"";"";"";"";Che³miec - Bia³owodzka Góra;"";"";"";;
DC.WML.5101.3610.2023.2;2028-07-13;SR1NDH;Kategoria5;10;PrzekaznikAPRS;"";144.8;144.8;Polski Zwi¹zek Krótkofalowców;Warszawa;ul. Augustyna Kordeckiego;66;U1;"";"";"";"";"";Koszalin - Góra Che³mska;Sanktuarium Maryjne;"";"";;
DC.WML.5101.3612.2023.2;2028-07-13;SR1KN;Kategoria5;10;AnalogowyPrzemiennikFM;"";431.075;438.675;Polski Zwi¹zek Krótkofalowców;Warszawa;ul. Augustyna Kordeckiego;66;U1;"";"";"";"";"";Koszalin - Góra Che³mska;Sanktuarium Maryjne;"";"";;
DC.WML.5101.4157.2023.2;2028-08-11;SR3O;Kategoria5;10;AnalogowyPrzemiennikFM;"";145.125;145.725;Polski Zwi¹zek Krótkofalowców;Warszawa;ul. Augustyna Kordeckiego;66;U1;"";"";"";"";"";Ostrów Wielkopolski;iul. Szamarzewskiego;2;"";;
DC.WML.5101.4158.2023.2;2028-08-11;SR3OS;Kategoria5;10;AnalogowyPrzemiennikFM;"";431.7;439.3;Polski Zwi¹zek Krótkofalowców;Warszawa;ul. Augustyna Kordeckiego;66;U1;"";"";"";"";"";Ostrów Wielkopolski;ul. Szamarzewskiego;2;"";;
DC.WML.5101.4552.2023.2;2028-09-06;SR9A;Kategoria5;15;AnalogowyPrzemiennikFM;"";145.175;145.775;Polski Zwi¹zek Krótkofalowców;Warszawa;ul. Augustyna Kordeckiego;66;U1;"";"";"";"";"";Lichwin - Góra Wa³;"";"";"";;
DC.WML.5101.4553.2023.2;2028-09-06;SR9TB;Kategoria5;15;AnalogowyPrzemiennikFM;"";431.175;438.775;Polski Zwi¹zek Krótkofalowców;Warszawa;ul. Augustyna Kordeckiego;66;U1;"";"";"";"";"";Lichwin - Góra Wa³;"";"";"";;
DC.WML.5101.4630.2023.2;2028-09-12;SR2UMH;Kategoria5;10;Radiolatarnia;"";432.408;432.408;Polski Zwi¹zek Krótkofalowców;Warszawa;ul. Augustyna Kordeckiego;66;U1;"";"";"";"";"";Gorzêdziej;ul. Tczewska;21;"";;
DC.WML.5101.4631.2023.2;2028-09-12;SR2VMH;Kategoria5;10;Radiolatarnia;"";144.408;144.408;Polski Zwi¹zek Krótkofalowców;Warszawa;ul. Augustyna Kordeckiego;66;U1;"";"";"";"";"";Gorzêdziej;ul. Tczewska;21;"";;
DC.WML.5101.4788.2023.2;2028-09-22;SR8NGO;Kategoria5;15;PrzekaznikAPRS;"";144.8;144.8;Polski Zwi¹zek Krótkofalowców;Warszawa;ul. Augustyna Kordeckiego;66;U1;"";"";"";"";"";Felicjan;"";"";"";;
DC.WML.5101.4861.2023.2;2028-09-26;SR6SO;Kategoria5;15;CyfrowyPrzemiennik;"";439.4125;431.8125;Polski Zwi¹zek Krótkofalowców;Warszawa;ul. Augustyna Kordeckiego;66;U1;"";"";"";"";"";Strzelce Opolskie;ul. Opolska;32;7;;
DC.WML.5101.5012.2023.2;2028-10-04;SR2KDS;Kategoria5;10;CyfrowaStacjaWezlowa, PrzekaznikAPRS, Radiolatarnia;"";144.85, 144.8;144.85, 144.8, 70.01, 50.41;Trójmiejskie Stowarzyszenie Krótkofalowców;Gdañsk;ul. Rzêsna;1;"";"";"";"";"";"";Gdañsk;ul. Rzêsna;1;"";;
DC.WML.5101.5041.2023.2;2028-10-06;SR23CM;Kategoria5;15;AnalogowyPrzemiennikFM;"";1270.1;1298.1;Stowarzyszenie Krótkofalowców Zag³êbia D¹browskiego;D¹browa Górnicza;ul. Sienkiewicza;6A;"";"";"";"";"";"";Góra Skrzyczne - RTON Skrzyczne;ul. Skrzyczeñska;15;"";;
DC.WML.5101.5405.2023.2;2028-11-06;SR9WXGR;Kategoria5;15;StacjaPogodowa;"";144.95;144.95;Polski Zwi¹zek Krótkofalowców;Warszawa;ul. Augustyna Kordeckiego;66;U1;"";"";"";"";"";Gorlice;ul. Okulickiego;2;"";;
DC.WML.5101.5554.2023.2;2028-11-10;SR6F;Kategoria5;15;CyfrowyPrzemiennik;"";145.15;145.75;Polski Zwi¹zek Krótkofalowców Oddzia³ Terenowy nr 11 w Opolu;Opole;ul. Skautów Opolskich;15;XI P;"";"";"";"";"";Krapkowice;ul. Damrota;2;"";;
DC.WML.5101.5556.2023.2;2028-11-10;SR6UKB;Kategoria5;15;PrzemiennikFMDV;"";431.6625;439.2625;Polski Zwi¹zek Krótkofalowców Oddzia³ Terenowy nr 11 w Opolu;Opole;ul. Skautów Opolskich;15;XI P;"";"";"";"";"";Góra Biskupia Kopa;"";"";"";;
DC.WML.5101.5677.2023.2;2028-11-17;SR9DGL;Kategoria5;13;PrzekaznikAPRS;"";434.855, 433.9, 433.8, 433.775, 432.5, 144.8;434.855, 433.9, 433.8, 433.775, 432.5, 144.8;Stowarzyszenie Krótkofalowców Zag³êbia D¹browskiego;D¹browa Górnicza;ul. Sienkiewicza;6A;"";"";"";"";"";"";Sosnowiec;ul. Modrzewiowa;15;"";;
DC.WML.5101.5678.2023.2;2028-11-17;SR9SKL;Kategoria5;15;PrzekaznikAPRS;"";434.855, 433.9, 433.8, 433.775, 432.5, 144.8;434.855, 433.9, 433.8, 433.775, 432.5, 144.8;Stowarzyszenie Krótkofalowców Zag³êbia D¹browskiego;D¹browa Górnicza;ul. Sienkiewicza;6A;"";"";"";"";"";"";Szczyrk;ul. Skrzyczeñska;15;"";;
DC.WML.5101.5679.2023.2;2028-11-17;SR23BN;Kategoria5;15;AnalogowyPrzemiennikFM;"";1270.175;1298.175;Stowarzyszenie Krótkofalowców Zag³êbia D¹browskiego;D¹browa Górnicza;ul. Sienkiewicza;6A;"";"";"";"";"";"";Bêdzin;ul. Stefana ¯eromskiego;13;"";;
DC.WML.5101.5979.2023.2;2028-12-15;SR1RG;Kategoria5;10;AnalogowyPrzemiennikFM;"";438.875;431.275;Ba³tyckie Stowarzyszenie Krótkofalowców;Ko³obrzeg;ul. Gie³dowa;11;35;"";"";"";"";"";Trzebiatów;ul. Zagórska;20;"";;
DC.WML.5101.6004.2023.2;2028-12-15;SR3LS;Kategoria5;15;AnalogowyPrzemiennikFM;"";431.675;439.275;Polski Zwi¹zek Krótkofalowców;Warszawa;ul. Augustyna Kordeckiego;66;U1;"";"";"";"";"";Leszno;ul. Armii Krajowej;4;"";;
DC.WML.5101.6019.2023.2;2028-12-19;SR9RAC;Kategoria5;15;AnalogowyPrzemiennikFM;"";431.975;439.575;Ochotnicza Stra¿ Po¿arna w Siedliskach;Siedliska;ul. Leœna;1;"";"";"";"";"";"";Strzybniczek;"";1;"";;
DC.WML.5101.6021.2023.3;2028-12-20;SR5PLZ;Kategoria5;15;CyfrowyPrzemiennik;"";431.7875;439.3875;Chor¹giew Mazowiecka Zwi¹zku Harcerstwa Polskiego;P³ock;ul. Krótka;3a;"";"";"";"";"";"";P³ock;ul. Powstañców Styczniowych;19;"";;
DC.WML.5101.775.2024.2;2029-02-08;SR7ZD;Kategoria5;15;AnalogowyPrzemiennikFM;"";431.3;438.9;Polski Zwi¹zek Krótkofalowców;Warszawa;ul. Augustyna Kordeckiego;66;U1;"";"";"";"";"";Zduñska Wola;ul. Ceramiczna ;10;"";;
DC.WML.5101.777.2024.2;2029-02-08;SR7WXL;Kategoria5;15;StacjaPogodowa;"";144.95;144.95;Polski Zwi¹zek Krótkofalowców;Warszawa;ul. Augustyna Kordeckiego;66;U1;"";"";"";"";"";£ódŸ;ul. Piotrkowska;182;"";;
DC.WML.5101.926.2024.2;2029-02-19;SR3NJE;Kategoria5;5;PrzekaznikAPRS;"";144.8;144.8;Polski Zwi¹zek Krótkofalowców;Warszawa;ul. Augustyna Kordeckiego;66;U1;"";"";"";"";"";Jemio³ów - RTCN;"";"";"";;
DC.WML.5101.927.2024.2;2029-02-19;SR3ZJ;Kategoria5;5;AnalogowyPrzemiennikFM;"";431.15;438.75;Polski Zwi¹zek Krótkofalowców;Warszawa;ul. Augustyna Kordeckiego;66;U1;"";"";"";"";"";Jemio³ów -  RTCN;"";"";"";;
DC.WML.5101.974.2024.2;2029-02-20;SR2JP;Kategoria5;15;PrzekaznikAPRS;"";433.175, 433.8, 432.5, 144.8, 433.775, 434.855;433.175, 433.8, 432.5, 144.8, 433.775, 434.855;Polski Zwi¹zek Krótkofalowców;Warszawa;ul. Augustyna Kordeckiego;66;U1;"";"";"";"";"";Bydgoszcz;ul. Orla;46;"";;
DC.WML.5101.975.2024.2;2029-02-20;SR2WH;Kategoria5;15;PrzekaznikAPRS;"";433.175, 433.8, 432.5, 144.8, 433.775, 434.855;433.175, 433.8, 432.5, 144.8, 433.775, 434.855;Polski Zwi¹zek Krótkofalowców;Warszawa;ul. Augustyna Kordeckiego;66;U1;"";"";"";"";"";Nowy Dwór;ul. Pod Kasztanem;17;"";;
DC.WML.5101.976.2024.2;2029-02-20;SR2ST;Kategoria5;15;PrzekaznikAPRS;"";433.175, 433.8, 432.5, 144.8, 433.775, 434.855;433.175, 433.8, 432.5, 144.8, 433.775, 434.855;Polski Zwi¹zek Krótkofalowców;Warszawa;ul. Augustyna Kordeckiego;66;U1;"";"";"";"";"";Bydgoszcz;ul. Wêdkarska;8;"";;
DC.WML.5101.978.2024.2;2029-02-20;SR2BNW;Kategoria5;15;PrzekaznikAPRS;"";433.175, 433.8, 432.5, 144.8, 433.775, 434.855;433.175, 433.8, 432.5, 144.8, 433.775, 434.855;Polski Zwi¹zek Krótkofalowców;Warszawa;ul. Augustyna Kordeckiego;66;U1;"";"";"";"";"";Krzywogoniec;"";88;"";;
DC.WML.5101.979.2024.2;2029-02-20;SR2DTW;Kategoria5;15;PrzekaznikAPRS;"";433.175, 433.8, 432.5, 144.8, 433.775, 434.855;433.175, 433.8, 432.5, 144.8, 433.775, 434.855;Polski Zwi¹zek Krótkofalowców;Warszawa;ul. Augustyna Kordeckiego;66;U1;"";"";"";"";"";Bydgoszcz;ul. Marii Konopnickiej;6;26;;
DC.WML.5101.980.2024.2;2029-02-21;SR1DTW;Kategoria5;15;PrzekaznikAPRS;"";433.175, 433.8, 432.5, 144.8, 433.775, 434.855;433.175, 433.8, 432.5, 144.8, 433.775, 434.855;Polski Zwi¹zek Krótkofalowców;Warszawa;ul. Augustyna Kordeckiego;66;U1;"";"";"";"";"";Nekla;ul. Têczowa;18;328;;
DC.WML.5101.981.2024.2;2029-02-21;SR2CA;Kategoria5;15;PrzekaznikAPRS;"";433.175, 433.8, 432.5, 144.8, 433.775, 434.855;433.175, 433.8, 432.5, 144.8, 433.775, 434.855;Polski Zwi¹zek Krótkofalowców;Warszawa;ul. Augustyna Kordeckiego;66;U1;"";"";"";"";"";Bydgoszcz;ul. Jana Teski;1;11;;
DC.WML.5101.982.2024.2;2029-02-21;SR2LFD;Kategoria5;15;PrzekaznikAPRS;"";433.175, 433.8, 432.5, 144.8, 433.775, 434.855;433.175, 433.8, 432.5, 144.8, 433.775, 434.855;Polski Zwi¹zek Krótkofalowców;Warszawa;ul. Augustyna Kordeckiego;66;U1;"";"";"";"";"";Bia³e B³ota;ul. Tulipanowa;9;"";;
DC.WML.5101.983.2024.2;2029-02-21;SR2SJ;Kategoria5;15;PrzekaznikAPRS;"";433.175, 433.8, 432.5, 144.8, 433.775, 434.855;433.175, 433.8, 432.5, 144.8, 433.775, 434.855;Polski Zwi¹zek Krótkofalowców;Warszawa;ul. Augustyna Kordeckiego;66;U1;"";"";"";"";"";Bydgoszcz;ul. Wojska Polskiego;22;6;;
DC.WML.5101.977.2024.2;2029-02-22;SR2BC;Kategoria5;15;PrzekaznikAPRS;"";433.175, 433.8, 432.5, 144.8, 433.775, 434.855;433.175, 433.8, 432.5, 144.8, 433.775, 434.855;Polski Zwi¹zek Krótkofalowców;Warszawa;ul. Augustyna Kordeckiego;66;U1;"";"";"";"";"";Kobylarnia;ul. S³oneczna;10;"";;
DC.WML.5101.1044.2024.2;2029-02-22;SR1BC;Kategoria5;15;PrzekaznikAPRS;"";433.175, 433.8, 432.5, 144.8, 433.775, 434.855;433.175, 433.8, 432.5, 144.8, 433.775, 434.855;Polski Zwi¹zek Krótkofalowców;Warszawa;ul. Augustyna Kordeckiego;66;U1;"";"";"";"";"";Bydgoszcz;ul. Szajnochy;2;"";;
DC.WML.5101.1047.2024.2;2029-02-22;SR5WWL;Kategoria5;15;PrzemiennikFMDV;"";430.8625;438.4625;Stowarzyszenie Krótkofalowców Ziemi Wo³omiñskiej;Wo³omin;ul. Wileñska;51A;"";"";"";"";"";"";Marki;Al. Pi³sudskiego;248/252;"";;
DC.WML.5101.1109.2024.2;2029-02-26;SR2ZXT;Kategoria5;15;PrzekaznikAPRS;"";433.175, 433.8, 432.5, 144.8, 433.775, 434.855;433.175, 433.8, 432.5, 144.8, 433.775, 434.855;Polski Zwi¹zek Krótkofalowców;Warszawa;ul. Augustyna Kordeckiego;66;U1;"";"";"";"";"";Bydgoszcz;ul. Karola Kurpiñskiego;10;5;;
DC.WML.5101.1110.2024.2;2029-02-26;SR2ZYT;Kategoria5;15;PrzekaznikAPRS;"";433.175, 433.8, 432.5, 144.8, 433.775, 434.855;433.175, 433.8, 432.5, 144.8, 433.775, 434.855;Polski Zwi¹zek Krótkofalowców;Warszawa;ul. Augustyna Kordeckiego;66;U1;"";"";"";"";"";Œwiecie;ul. S¹dowa;18;"";;
DC.WML.5101.1138.2024.2;2029-02-27;SR3KHO;Kategoria5;2;Radiolatarnia;"";24048.89;24048.89;Polski Zwi¹zek Krótkofalowców;Warszawa;ul. Augustyna Kordeckiego;66;U1;"";"";"";"";"";Ostrów Wielkopolski;ul. Poznañska;43;"";;
DC.WML.5101.1205.2024.2;2029-02-07;SR2PNP;Kategoria5;15;PrzekaznikAPRS;"";434.855, 144.8;434.855, 144.8;Klub PNP;Solec Kujawski;ul. Kujawska;3C;33;"";"";"";"";"";Solec Kujawski;ul. Kujawska;3C;33;;
DC.WML.5101.1216.2024.2;2029-03-26;SR8L;Kategoria5;15;AnalogowyPrzemiennikFM;"";145.075;145.675;Polski Zwi¹zek Krótkofalowców;Warszawa;ul. Augustyna Kordeckiego;66;U1;"";"";"";"";"";Krzczonów  RTCN Lublin / Bo¿y Dar;"";"";"";;
DC.WML.5101.1536.2024.2;2029-03-15;SR3DZG;Kategoria5;5;CyfrowyPrzekaznik;"";431.3625;438.9625;Polski Zwi¹zek Krótkofalowców;Warszawa;ul. Augustyna Kordeckiego;66;U1;"";"";"";"";"";Zielona Góra;l. Osiedlowa;17;"";;
DC.WML.5101.1686.2024.2;2029-03-21;SR2X;Kategoria5;15;PrzekaznikAPRS;"";433.175, 433.8, 432.5, 144.8, 433.775, 434.855;433.175, 433.8, 432.5, 144.8, 433.775, 434.855;Polski Zwi¹zek Krótkofalowców;Warszawa;ul. Augustyna Kordeckiego;66;U1;"";"";"";"";"";Pr¹docin;ul. Olszyna;4;"";;
DC.WML.5101.1687.2024.2;2029-03-21;SR5POT;Kategoria5;15;AnalogowyPrzemiennikFM;"";431.55;439.15;Polski Zwi¹zek Krótkofalowców;Warszawa;ul. Augustyna Kordeckiego;66;U1;"";"";"";"";"";Warszawa;ul. Che³m¿yñska;180;"";;
DC.WML.5101.1784.2024.2;2029-03-25;SR7SI;Kategoria5;15;AnalogowyPrzemiennikFM;"";431.225;438.825;Polski Zwi¹zek Krótkofalowców;Warszawa;ul. Augustyna Kordeckiego;66;U1;"";"";"";"";"";Sieradz;ul. Zachodnia;2;"";;
DC.WML.5101.1786.2024.2;2029-03-25;SR7W;Kategoria5;15;AnalogowyPrzemiennikFM;"";145.1;145.7;Polski Zwi¹zek Krótkofalowców;Warszawa;ul. Augustyna Kordeckiego;66;U1;"";"";"";"";"";Ruda;ul. D³uga;31;"";;
DC.WML.5101.1788.2024.2;2029-03-25;SR7DSC;Kategoria5;15;CyfrowyPrzemiennik;"";431.6875;439.2875;Polski Zwi¹zek Krótkofalowców;Warszawa;ul. Augustyna Kordeckiego;66;U1;"";"";"";"";"";Skierniewice;ul. Kazimierza Przerwy-Tetmajera;5;47;;
DC.WML.5101.1963.2024.2;2029-04-04;SR5UOS;Kategoria5;15;PrzemiennikFMDV;"";431.3125;438.9125;Polski Zwi¹zek Krótkofalowców;Warszawa;ul. Augustyna Kordeckiego;66;U1;"";"";"";"";"";Ostro³êka;ul. Sienkiewicza;3;"";;
DC.WML.5101.1964.2024.2;2029-04-04;SR9SMD;Kategoria5;15;PrzekaznikAPRS;"";144.8;144.8;Polski Zwi¹zek Krótkofalowców;Warszawa;ul. Augustyna Kordeckiego;66;U1;"";"";"";"";"";Góra Palenica;"";"";"";;
DC.WML.5101.1965.2024.2;2029-04-04;SR9DDP;Kategoria5;15;CyfrowyPrzemiennik;"";430.95;438.55;Polski Zwi¹zek Krótkofalowców;Warszawa;ul. Augustyna Kordeckiego;66;U1;"";"";"";"";"";Góra Kicarz;"";"";"";;
DC.WML.5101.2056.2024.2;2029-04-09;SR2GR;Kategoria5;15;CyfrowyPrzemiennik;"";431.6;439.2;Liga Obrony Kraju;Warszawa;ul. Chocimska;14;"";"";"";"";"";"";Grudzi¹dz;ul. Cegielniana;3;"";;
DC.WML.5101.2057.2024.2;2029-04-09;SR2NDF;Kategoria5;15;CyfrowyPrzemiennik;"";144.8;144.8;Liga Obrony Kraju;Warszawa;ul. Chocimska;14;"";"";"";"";"";"";Grudzi¹dz;ul. Cegielniana;3;"";;
DC.WML.5101.2058.2024.2;2039-04-09;SR2GRU;Kategoria5;15;CyfrowyPrzemiennik;"";145.6875;145.0875;Liga Obrony Kraju;Warszawa;ul. Chocimska;14;"";"";"";"";"";"";Grudzi¹dz;ul. Cegielniana;3;"";;
DC.WML.5101.2172.2024.2;2029-04-12;SR9LHK;Kategoria5;5;Radiolatarnia;"";1296.925;1296.925;Polski Zwi¹zek Krótkofalowców;Warszawa;ul. Augustyna Kordeckiego;66;U1;"";"";"";"";"";Siemianowice Œl¹skie;ul. Wróblewskiego;73;"";;
DC.WML.5101.2173.2024.2;2029-04-12;SR9UHK;Kategoria5;5;Radiolatarnia;"";432.425;432.425;Polski Zwi¹zek Krótkofalowców;Warszawa;ul. Augustyna Kordeckiego;66;U1;"";"";"";"";"";Siemianowice Œl¹skie;ul. Wróblewskiego;73;"";;
DC.WML.5101.2174.2024.2;2029-04-12;SR9VHK;Kategoria5;5;Radiolatarnia;"";144.425;144.425;Polski Zwi¹zek Krótkofalowców;Warszawa;ul. Augustyna Kordeckiego;66;U1;"";"";"";"";"";Siemianowice Œl¹skie;ul. Wróblewskiego;73;"";;
DC.WML.5101.2222.2024.3;2029-04-18;SR5WLK;Kategoria5;15;PrzekaznikAPRS, CyfrowaStacjaWezlowa;"";144.85, 10.1445, 7.0465, 5.3545, 3.5955;144.85, 10.1445, 7.0465, 5.3545, 3.5955;Stowarzyszenie Mazowiecka Amatorska Sieæ Radiowa;Warszawa;ul. Czerniakowska;48;87;"";"";"";"";"";Warszawa;ul. Kordeckiego;66;U1;;
DC.WML.5101.2347.2024.2;2029-04-22;SR8LHJ;Kategoria5;15;Radiolatarnia;"";10368.81, 5760.81, 3400.81, 2320.81, 1296.89;10368.81, 5760.81, 3400.81, 2320.81, 1296.89;Polski Zwi¹zek Krótkofalowców;Warszawa;ul. Augustyna Kordeckiego;66;U1;"";"";"";"";"";Jas³o;ul. Stanis³awa Staszica;30;"";;
DC.WML.5101.2752.2024.2;2029-05-10;SR1SZ;Kategoria5;15;AnalogowyPrzemiennikFM;"";431.475;439.075;Polski Zwi¹zek Krótkofalowców;Warszawa;ul. Augustyna Kordeckiego;66;U1;"";"";"";"";"";Szczecin;ul. Wiosny Ludów;30;"";;
DC.WML.5101.2760.2024.2;2029-05-13;SR8NZ;Kategoria5;15;StacjaPogodowaAPRS, PrzekaznikAPRS;"";432.5, 144.8;432.5, 144.8;Polski Zwi¹zek Krótkofalowców;Warszawa;ul. Augustyna Kordeckiego;66;U1;"";"";"";"";"";Nowy ¯migród;ul. Jasielska;6;"";;
DC.WML.5101.3118.2024.2;2029-07-30;SR7BKI;Kategoria5;15;CyfrowyPrzemiennik;"";432.5, 144.8;432.5, 144.8;Polski Zwi¹zek Krótkofalowców;Warszawa;ul. Augustyna Kordeckiego;66;U1;"";"";"";"";"";Kielce;ul. Piotra Œciegiennego;2;"";;
DC.WML.5101.3028.2024.4;2029-05-31;SR5U;Kategoria5;15;PrzemiennikFMDV;"";145.175;145.775;Ochotnicza Stra¿ Po¿arna URSUS;Warszawa;ul. Rynkowa;8;"";"";"";"";"";"";Warszawa;ul. Rynkowa;8;"";;
DC.WML.5101.3592.2024.2;2029-06-18;SR8L6M;Kategoria5;15;PrzemiennikFMDV;"";51.21;51.81;Polski Zwi¹zek Krótkofalowców;Warszawa;ul. Augustyna Kordeckiego;66;U1;"";"";"";"";"";Lublin;ul. Bohdana Dobrzañskiego;7;"";;
DC.WML.5101.3593.2024.2;2029-07-02;SR5VW;Kategoria5;15;PrzemiennikFMDV;"";431.225;438.825;Polski Zwi¹zek Krótkofalowców;Warszawa;ul. Augustyna Kordeckiego;66;U1;"";"";"";"";"";Ró¿an;ul. Zygmunta Starego;2A;"";;
DC.WML.5101.3594.2024.2;2029-07-02;SR5NWR;Kategoria5;15;PrzekaznikAPRS;"";144.8;144.8;Polski Zwi¹zek Krótkofalowców;Warszawa;ul. Augustyna Kordeckiego;66;U1;"";"";"";"";"";Ró¿an;ul. Zygmunta Starego;2A;"";;
DC.WML.5101.3715.2024.2;2029-06-25;SR8S;Kategoria5;15;AnalogowyPrzemiennikFM;"";145.1125;145.7125;Stowarzyszenie Krótkofalowców i Radioamatorów;Œwidnik;ul. K.K.Baczyñskiego;6;6A;"";"";"";"";"";Œwidnik;ul. Jarzêbinowa;1;"";;
DC.WML.5101.4314.2024.2;2029-06-17;SR6AJG;Kategoria5;15;PrzekaznikAPRS;"";144.8;144.8;Polski Zwi¹zek Krótkofalowców;Warszawa;ul. Augustyna Kordeckiego;66;U1;"";"";"";"";"";Je¿ów Sudecki Lotnisko;ul. Szybowcowa 1;"";"";;
DC.WML.5101.4315.2024.2;2029-06-17;SR6DJG;Kategoria5;15;CyfrowyPrzemiennik;"";431.5625;439.1625;Polski Zwi¹zek Krótkofalowców;Warszawa;ul. Augustyna Kordeckiego;66;U1;"";"";"";"";"";Je¿ów Sudecki Lotnisko;ul. Szybowisko;1;"";;
DC.WML.5101.4521.2024.5;2029-08-06;SR2CK;Kategoria5;15;AnalogowyPrzemiennikFM;"";431.675;439.275;Klub £¹cznoœci SP2KFQ w Chojnicach;Chojnice;ul. £u¿ycka;18;"";"";"";"";"";"";Chojnice;ul. Przemys³owa;"";"";;
DC.WML.5101.5203.2024.2;2029-09-10;SR3JX;Kategoria5;15;CyfrowyPrzemiennik;"";431.55;439.15;Polski Zwi¹zek Krótkofalowców;Warszawa;ul. Augustyna Kordeckiego;66;U1;"";"";"";"";"";Jemio³ów;"";"";"";;
DC.WML.5101.5204.2024.2;2029-09-10;SR3UVJ;Kategoria5;15;CyfrowyPrzemiennik;"";430.8125;438.4125;Polski Zwi¹zek Krótkofalowców;Warszawa;ul. Augustyna Kordeckiego;66;U1;"";"";"";"";"";Jemio³ów;RTCN Jemio³ow;"";"";;
DC.WML.5101.5205.2024.2;2029-09-10;SR3DJ;Kategoria5;15;CyfrowyPrzemiennik;"";430.525;438.125;Polski Zwi¹zek Krótkofalowców;Warszawa;ul. Augustyna Kordeckiego;66;U1;"";"";"";"";"";Jemio³ow, RTCN Jemio³ów;"";"";"";;
DC.WML.5101.5206.2024.2;2029-09-10;SR3J;Kategoria5;15;CyfrowyPrzemiennik;"";431.9;439.5;Polski Zwi¹zek Krótkofalowców;Warszawa;ul. Augustyna Kordeckiego;66;U1;"";"";"";"";"";Jemio³ów, RTCN Jemio³ów;"";"";"";;
DC.WML.5101.5209.2024.2;2029-09-17;SR8LU;Kategoria5;15;AnalogowyPrzemiennikFM;"";431.45;439.05;Polski Zwi¹zek Krótkofalowców;Warszawa;ul. Augustyna Kordeckiego;66;U1;"";"";"";"";"";Lublin;ul. Bohdana Dobrzañskiego;35;"";;
DC.WML.5101.5210.2024.2;2029-09-26;SR8NDU;Kategoria5;15;PrzekaznikAPRS;"";432.5, 433.8, 144.8;432.5, 433.8, 144.8;Polski Zwi¹zek Krótkofalowców;Warszawa;ul. Augustyna Kordeckiego;66;U1;"";"";"";"";"";Lublin;ul. Sasankowa;5;"";;
DC.WML.5101.5211.2024.2;2029-09-10;SR8LN;Kategoria5;15;AnalogowyPrzemiennikFM;"";431.075;438.675;Polski Zwi¹zek Krótkofalowców;Warszawa;ul. Augustyna Kordeckiego;66;U1;"";"";"";"";"";Lublin;ul. Irydiona;2;"";;
DC.WML.5101.5318.2024.2;2029-09-18;SR8NL;Kategoria5;15;PrzekaznikAPRS;"";432.5, 433.8, 144.8;432.5, 433.8, 144.8;Polski Zwi¹zek Krótkofalowców;Warszawa;ul. Augustyna Kordeckiego;66;U1;"";"";"";"";"";Lublin;ul. Bohdana Dobrzañskiego;35;"";;
DC.WML.5101.5337.2024.2;2029-09-18;SR5RAD;Kategoria5;15;AnalogowyPrzemiennikFM;"";145.1875;145.7875;Polski Zwi¹zek Krótkofalowców;Warszawa;ul. Augustyna Kordeckiego;66;U1;"";"";"";"";"";Radom;ul. Przytycka;2;"";;
DC.WML.5101.5338.2024.2;2029-10-29;SR1TOP;Kategoria5;10;Radiolatarnia;"";432.483;432.483;Polski Zwi¹zek Krótkofalowców;Warszawa;ul. Augustyna Kordeckiego;66;U1;"";"";"";"";"";Nowy Toporzyk;"";25;"";;
DC.WML.5101.5536.2024.2;2029-10-08;SR7WI;Kategoria5;15;AnalogowyPrzemiennikFM;"";431.4;439;Polski Zwi¹zek Krótkofalowców;Warszawa;ul. Augustyna Kordeckiego;66;U1;"";"";"";"";"";Trêbaczew;ul. Przemys³owa;17;"";;
DC.WML.5101.5544.2024.2;2029-09-30;SR4BS;Kategoria5;15;PrzemiennikFMDV;"";431.425;439.025;Polski Zwi¹zek Krótkofalowców;Warszawa;ul. Augustyna Kordeckiego;66;U1;"";"";"";"";"";Bia³ystok;ul. Bohaterów Monte Cassino;5;128;;
DC.WML.5101.6231.2024.2;2029-11-08;SR9DSK;Kategoria5;15;CyfrowyPrzekaznik;"";430.925;438.525;Polski Zwi¹zek Krótkofalowców;Warszawa;ul. Augustyna Kordeckiego;66;U1;"";"";"";"";"";Szczawnica-Góra Palenicka;"";"";"";;
