number;valid_to;call_sign;category;transmitter_power;name_type_station;emission;input_frequency;output_frequency;station_location
DC.WML.5101.3317.2019.2;2024-12-31;SR3NPB;Kategoria5;15;PrzekaznikAPRS;"";144.8;144.8;Pobiedziska
DC.WML.5101.127.2020.2;2025-01-17;SR8LW;Kategoria5;15;PrzemiennikFMDV;"";431.1;438.7;£uków
DC.WML.5101.128.2020.2;2025-01-21;SR3DPN;Kategoria5;15;PrzekaznikAPRS;"";144.8;144.8;Poznañ
DC.WML.5101.172.2020.4;2025-01-29;SR2DDU;Kategoria5;15;PrzekaznikAPRS;"";144.8;144.8;Przyjma
DC.WML.5101.241.2020.2;2025-01-29;SR5OK;Kategoria5;15;PrzemiennikFMDV;"";431.6625;439.2625;Kadzid³o
DC.WML.5101.249.2020.2;2025-01-30;SR2VVV;Kategoria5;15;CyfrowyPrzemiennik;"";431.7375, 431.9375;439.3375, 439.5375;Szubin
DC.WML.5101.250.2020.2;2025-01-30;SR2VV;Kategoria5;15;PrzemiennikFMDV;"";431.5375, 144.9875;439.1375, 145.5875;Szubin
DC.WML.5101.60.2020.4;2025-01-15;SR2DCH;Kategoria5;15;CyfrowyPrzemiennik;"";430.7875;438.3875;Cz³uchów
DC.WML.5101.435.2020.2;2025-02-18;SR8LWA;Kategoria5;15;PrzekaznikAPRS;F3E;144.8, 432.5;144.8, 432.5;£uków
DC.WML.5101.377.2020.3;2025-02-19;SR2WXM;Kategoria5;15;StacjaPogodowaAPRS;"";144.8;144.8;Œwierkówiec
DC.WML.5101.488.2020.2;2025-02-20;SR2KFQ;Kategoria5;15;CyfrowaStacjaBiuletynowa;F3E;433.95;433.95;Chojnice
DC.WML.5101.764.2020.2;2025-03-26;SR9DMR;Kategoria5;15;CyfrowyPrzekaznik;"";430.85;438.45;Katowice
DC.WML.5101.778.2020.2;2025-03-26;SR8LLB;Kategoria5;15;PrzemiennikFMDV;"";431.65, 144.8;439.25, 144.8;Lubartów
DC.WML.5101.780.2020.2;2025-03-26;SR5WXW;Kategoria5;15;StacjaPogodowa;"";144.95, 434.95;144.95, 434.95;Warszawa
DC.WML.5101.784.2020.2;2025-03-27;SR2D;Kategoria5;15;CyfrowyPrzemiennik;"";145.125;145.725;Gdañsk
DC.WML.5101.785.2020.2;2025-03-27;SR5WP;Kategoria5;15;PrzemiennikFMDV;"";431.025;438.625;Moszna-Parcela
DC.WML.5101.786.2020.2;2025-03-27;SR5WC;Kategoria5;15;PrzemiennikFMDV;"";431;438.6;Moszna-Parcela
DC.WML.5101.867.2020.2;2025-04-07;SR7ULM;Kategoria5;15;PrzemiennikFMDV;"";431.9;439.5;£ódŸ
DC.WML.5101.868.2020.2;2025-04-07;SR5OMZ;Kategoria5;15;CyfrowyPrzemiennik;"";145.1375;145.7375;Ciechanów
DC.WML.5101.956.2020.2;2025-04-17;SR5WZ;Kategoria5;15;PrzemiennikFMDV;"";431.4;439;Moszna-Parcela
DC.WML.5101.959.2020.3;2025-04-17;SR5WB;Kategoria5;15;PrzemiennikFMDV;"";430.95;438.55;Moszna-Parcela
DC.WML.5101.996.2020.2;2025-04-23;SR6DWH;Kategoria5;15;CyfrowaStacjaWezlowa;"";144.8, 144.925, 438.45, 438.375, 2392.25;144.8, 144.925, 430.85, 430.775, 2392.25;Wa³brzych
DC.WML.5101.1048.2020.2;2025-04-29;SR9KFZ;Kategoria5;15;PrzekaznikAPRS;"";144.8, 432.5;144.8, 432.5;Czêstochowa
DC.WML.5101.1047.2020.2;2025-04-29;SR9UCZ;Kategoria5;15;CyfrowyPrzemiennik;"";431.4875;439.0875;Czêstochowa
DC.WML.5101.1050.2020.2;2025-04-29;SR8AVB;Kategoria5;15;CyfrowyPrzemiennik;"";431.4125;439.0125;Bia³a Podlaska
DC.WML.5101.1065.2020.2;2025-04-30;SR7PB;Kategoria5;15;PrzemiennikFMDV;"";431.05;438.65;Ba³tów
DC.WML.5101.1089.2020.2;2025-05-04;SR2WE;Kategoria5;15;PrzemiennikFMDV;"";431.625;439.225;Wejherowo
DC.WML.5101.1107.2020.3;2025-05-10;SR5WAW;Kategoria5;50;Radiolatarnia;"";28.227, 50.467, 70.097, 144.467, 432.467, 1296.867, 2320.867, 3400.867, 5760.867, 10386.867, 24048.867, 47088.867;28.227, 50.467, 70.097, 144.467, 432.467, 1296.867, 2320.867, 3400.867, 5760.867, 10386.867, 24048.867, 47088.867;Rembertów
DC.WML.5101.1126.2020.2;2025-05-08;SR9EM;Kategoria5;10;AnalogowyPrzemiennikFM;"";430.9125;438.5125;Kraków
DC.WML.5101.1290.2020.2;2025-05-25;SR6MRU;Kategoria5;15;PrzemiennikFMDV;"";431.7;439.3;Wroc³aw
DC.WML.5101.1369.2020.2;2025-06-05;SR7ABZ;Kategoria5;15;AnalogowyPrzemiennikFM;"";144.675;145.275;Busko Zdrój
DC.WML.5101.1438.2020.2;2025-07-28;SR5RR;Kategoria5;15;AnalogowyPrzemiennikFM;"";431.675;439.275;Warszawa
DC.WML.5101.1464.2020.2;2025-06-17;SR5YAM;Kategoria5;15;CyfrowaStacjaWezlowa;"";430.5375, 432.5, 144.8375, 144.8;430.5375, 432.5, 144.8375, 144.8;Komorów
DC.WML.5101.1538.2020.2;2025-06-25;SR9WXM;Kategoria5;2;StacjaPogodowaAPRS;"";144.8, 50.7, 2395;144.8, 50.7, 2395;Magurka Wilkowicka
DC.WML.5101.1677.2020.2;2025-07-16;SR4SN;Kategoria5;15;PrzemiennikFMDV;"";431.275;438.875;Szczytno
DC.WML.5101.1665.2020.5;2025-07-23;SR5DDD;Kategoria5;15;CyfrowaStacjaWezlowa;"";144.875, 144.8, 433.8, 434.45, 430.425, 2397, 5675;144.875, 144.8, 433.8, 434.45, 438.025, 2397, 5675;Moszna- Parcela
DC.WML.5101.1925.2020.2;2025-08-03;SR5SAN;Kategoria5;15;PrzekaznikAPRS;"";144.8, 432.5;144.8, 432.5;Siedlce
DC.WML.5101.1983.2020.2;2025-08-11;SR9SRC;Kategoria5;15;PrzekaznikAPRS;"";144.8;144.8;Strzybniczek
DC.WML.5101.2122.2020.2;2025-08-24;SR5WXGL;Kategoria5;15;StacjaPogodowa;"";144.95;144.95;Garbatka D³uga
DC.WML.5101.2248.2020.2;2025-09-04;SR5RK;Kategoria5;15;PrzemiennikFMDV;"";431.15;438.75;Koz³owiec  - RTNC EMITEL
DC.WML.5101.2342.2020.2;2025-09-22;SR1ASR;Kategoria5;15;CyfrowyPrzemiennik;"";431.025;438.625;Szczecin
DC.WML.5101.2349.2020.3;2025-09-22;SR8DGN;Kategoria5;15;CyfrowaStacjaWezlowa;"";10.1493, 50.7, 144.8, 144.825, 144.85, 144.925, 430.475, 432.5, 433.425, 2362, 2397, 5675, 5745, 5805;10.1493, 50.7, 144.8, 144.825, 144.85, 144.925, 430.475, 432.5, 433.425, 2362, 2397, 5675, 5745, 5805;Lublin
DC.WML.5101.2407.2020.2;2025-09-30;SR9DCH;Kategoria5;15;PrzemiennikFMDV;"";431.825;439.425;Orzesze
DC.WML.5101.2439.2020.2;2025-10-01;SR3DMR;Kategoria5;15;CyfrowyPrzemiennik;"";145.0125;145.6125;Poznañ
DC.WML.5101.2456.2020.2;2025-10-05;SR9WXA;Kategoria5;15;StacjaPogodowaAPRS;"";144.8;144.8;Sopotnia Wielka
DC.WML.5101.2533.2020.2;2025-10-14;SR9TM;Kategoria5;15;PrzemiennikFMDV;"";430.9125;438.5125;Pcim - Kud³acze
DC.WML.5101.2639.2020.2;2025-10-30;SR5WI;Kategoria5;15;CyfrowyPrzemiennik;"";431.3;438.9;Warszawa
DC.WML.5101.2640.2020.2;2025-10-30;SR5WIL;Kategoria5;15;PrzekaznikAPRS;"";144.8;144.8;Warszawa
DC.WML.5101.2643.2020.3;2025-11-04;SR6WRC;Kategoria5;15;AnalogowyPrzemiennikFM;"";430.175;70.26, 70.28;Mokronos Górny
DC.WML.5101.2732.2020.3;2025-11-11;SR4EL;Kategoria5;15;PrzemiennikFMDV;"";431.45;439.05;Elbl¹g
DC.WML.5101.2825.2020.2;2025-11-19;SR9VJP;Kategoria5;15;CyfrowyPrzemiennik;"";430.9875;438.5875;PowroŸnik
DC.WML.5101.2839.2020.3;2025-11-20;SR9C4FM;Kategoria5;15;PrzemiennikFMDV;"";144.8625;144.8625;Mordarka
DC.WML.5101.2914.2020.2;2030-12-01;SR9UAL;Kategoria5;15;PrzemiennikFMDV;"";431.05;438.65;£ódŸ
DC.WML.5101.2920.2020.2;2025-12-01;SR9WXG;Kategoria5;15;StacjaPogodowaAPRS;"";144.8;144.8;Grybów - Góra Che³m
DC.WML.5101.2923.2020.2;2025-12-23;SR4SU;Kategoria5;15;AnalogowyPrzemiennikFM;"";431.2;438.8;Czerwone Bagno
DC.WML.5101.3004.2020.2;2025-12-10;SR9DGC;Kategoria5;15;CyfrowyPrzemiennik;"";430.775;438.375;Gliwice
DC.WML.5101.3071.2020.2;2026-01-03;SR9BN;Kategoria5;15;PrzemiennikFMDV;"";431.625;439.225;Bêdzin
DC.WML.5101.8.2021.2;2026-01-07;SR9DBN;Kategoria5;15;PrzemiennikFMDV;"";430.875;438.475;Mys³owice
DC.WML.5101.38.2021.3;2026-01-12;SR7WX;Kategoria5;15;StacjaPogodowa;"";144.95;144.95;Tomaszów Mazowiecki
DC.WML.5101.43.2021.2;2026-01-12;SR1UVH;Kategoria5;15;CyfrowyPrzemiennik;"";431.425;439.025;Œwinoujœcie
DC.WML.5101.55.2021.2;2026-01-13;SR6DMO;Kategoria5;15;PrzemiennikFMDV;"";431.025;438.625;O³awa
DC.WML.5101.88.2021.2;2026-02-11;SR7KU;Kategoria5;15;AnalogowyPrzemiennikFM;"";431.325;438.925;Kutno
DC.WML.5101.89.2021.2;2026-01-15;SR6HBL;Kategoria5;15;PrzemiennikFMDV;"";430.95;438.55;Wroc³aw
DC.WML.5101.90.2021.2;2026-01-15;SR8KR;Kategoria5;15;PrzemiennikFMDV;"";431.025;438.625;Czarnorzeki
DC.WML.5101.145.2021.2;2026-01-21;SR8WXD;Kategoria5;15;StacjaPogodowaAPRS;"";144.8, 50.8;144.8, 50.8;Teodorówka - Wzgórze 534
DC.WML.5101.146.2021.2;2026-01-21;SR6WXO;Kategoria5;15;StacjaPogodowa;"";144.95;144.95;Borki Wielkie
DC.WML.5101.147.2021.2;2026-01-21;SR7LO;Kategoria5;15;PrzemiennikFMDV;"";1270.7;1298.7;£ódŸ
DC.WML.5101.149.2021.3;2026-01-22;SR7LL;Kategoria5;15;CyfrowyPrzemiennik;"";145.1125;145.7125;£ódŸ
DC.WML.5101.283.2021.3;2026-02-03;SR2FM;Kategoria5;15;AnalogowyPrzemiennikFM;"";431.2125;438.8125;Jab³owo Pa³uckie
DC.WML.5101.284.2021.2;2026-02-03;SR2BYD;Kategoria5;15;CyfrowyPrzemiennik;"";145.1875;145.7875;Bydgoszcz
DC.WML.5101.286.2021.2;2026-02-03;SR9POL;Kategoria5;15;AnalogowyPrzemiennikFM;"";50.53;50.53;Limanowa
DC.WML.5101.429.2021.2;2026-02-17;SR5DOT;Kategoria5;15;CyfrowyPrzekaznik;"";432.5;432.5;Otwock
DC.WML.5101.450.2021.2;2026-02-18;SR7LDA;Kategoria5;15;CyfrowyPrzemiennik;"";430.85;438.45;£ódŸ
DC.WML.5101.536.2021.2;2026-02-24;SR2BB;Kategoria5;15;CyfrowyPrzemiennik;"";431.8125;439.4125;Bydgoszcz
DC.WML.5101.600.2021.2;2026-03-01;SR5RA;Kategoria5;15;PrzemiennikFMDV;"";431.325;438.925;Radom
DC.WML.5101.793.2021.2;2026-03-15;SR9DBY;Kategoria5;15;PrzemiennikFMDV;"";431.55;439.15;Bytom
DC.WML.5101.804.2021.2;2026-04-01;SR7NWK;Kategoria5;5;CyfrowyPrzemiennik;"";433.8, 432.5, 144.8, 50.7;433.8, 432.5, 144.8, 50.7;Jêdrzejów
DC.WML.5101.822.2021.2;2026-03-17;SR3WLK;Kategoria5;15;CyfrowaStacjaWezlowa;"";3.587, 7.062, 14.112, 438.05, 2400.1;3.587, 7.062, 14.112, 438.05, 2400.1;Poznañ
DC.WML.5101.840.2021.2;2026-03-19;SR6WXP;Kategoria5;15;StacjaPogodowaAPRS;"";144.8;144.8;Polska Nowa Wieœ - Lotnisko Aeroklubu Opolskiego
DC.WML.5101.1005.2021.3;2026-04-02;SR9VVO;Kategoria5;15;PrzemiennikFMDV;"";431.8375;439.4375;Lichwin - Telewizyjny Oœrodek Nadawczy
DC.WML.5101.1006.2021.3;2026-04-02;SR9VO;Kategoria5;15;AnalogowyPrzemiennikFM;"";431.475;439.075;Tarnów
DC.WML.5101.1007.2021.3;2026-04-02;SR9KAO;Kategoria5;15;PrzemiennikFMDV;"";431.6125;439.2125;Tarnów
DC.WML.5101.1077.2021.2;2026-04-14;SR3PX;Kategoria5;15;AnalogowyPrzemiennikFM;"";431.3;438.9;S³omowo
DC.WML.5101.1099.2021.2;2026-04-12;SR1NRE;Kategoria5;15;CyfrowyPrzemiennik;"";144.9, 144.8;144.9, 144.8;Szczecin
DC.WML.5101.1100.2021.2;2026-04-12;SR1BSZ;Kategoria5;15;CyfrowyPrzemiennik;"";144.9;144.9;Szczecin
DC.WML.5101.1207.2021.3;2026-04-20;SR9DHS;Kategoria5;15;CyfrowyPrzekaznik;"";144.925;144.925;Jastrzêbie Zdrój
DC.WML.5101.1433.2021.2;2026-05-06;SR2BD;Kategoria5;15;PrzemiennikFMDV;"";431.4;439;Bydgoszcz
DC.WML.5101.1440.2021.3;2026-05-06;SR9KS;Kategoria5;15;AnalogowyPrzemiennikFM;"";431.3;438.9;Siercza
DC.WML.5101.1441.2021.2;2026-05-06;SR9K;Kategoria5;15;AnalogowyPrzemiennikFM;"";145.15;145.75;Siercza - MPWiK Zbiorniki Siercza
DC.WML.5101.1525.2021.2;2026-05-11;SR2BG;Kategoria5;15;PrzemiennikFMDV;"";145.125;145.725;Bydgoszcz
DC.WML.5101.1594.2021.2;2026-05-17;SR6WB;Kategoria5;15;PrzemiennikFMDV;"";431.7625;439.3625;Wa³brzych
DC.WML.5101.1670.2021.2;2026-05-25;SR9WXL;Kategoria5;5;StacjaPogodowaAPRS;"";144.8;144.8;Leskowiec - szczyt w Beskidzie Ma³ym
DC.WML.5101.1539.2021.2;2026-06-04;SR9UVC;Kategoria5;15;PrzemiennikFMDV;"";431.025;438.625;Lusina
DC.WML.5101.1868.2021.3;2026-06-10;SR6DL;Kategoria5;15;AnalogowyPrzemiennikFM;"";144.975;144.975;Dalachów
DC.WML.5101.1924.2021.2;2026-06-16;SR3JA;Kategoria5;10;AnalogowyPrzemiennikFM;"";431.375;438.975;Jarocin
DC.WML.5101.2063.2021.2;2026-06-25;SR7ZG;Kategoria5;15;AnalogowyPrzemiennikFM;"";144.775, 431.35;144.775, 438.95;Zgierz
DC.WML.5101.2155.2021.2;2026-07-02;SR9AE;Kategoria5;15;AnalogowyPrzemiennikFM;"";431.225;438.825;Wêglówka - Góra Lubomir
DC.WML.5101.2156.2021.2;2026-07-02;SR9LK;Kategoria5;15;AnalogowyPrzemiennikFM;"";1270.5;1298.5;Siercza
DC.WML.5101.1880.2021.2;2026-07-13;SR9PS;Kategoria5;15;AnalogowyPrzemiennikFM;"";431.65;439.25;Pszów
DC.WML.5101.2412.2021.2;2026-08-01;SR5TDM;Kategoria5;15;Radiolatarnia;"";47088.815, 24048.815, 10368.815, 5760.815, 3400.815, 2320.815, 1296.815, 432.415, 144.415, 70.115, 70.015, 50.415, 50.015, 28.215;47088.815, 24048.815, 10368.815, 5760.815, 3400.815, 2320.815, 1296.815, 432.415, 144.415, 70.115, 70.015, 50.415, 50.015, 28.215;Rembertów
DC.WML.5101.2462.2021.2;2026-07-21;SR8PPN;Kategoria5;15;PrzemiennikFMDV;"";431.3;438.9;Zastawie
DC.WML.5101.2463.2021.2;2026-07-20;SR8LSW;Kategoria5;15;PrzemiennikFMDV;"";431.425;439.025;Œwidnik
DC.WML.5101.2481.2021.2;2026-07-22;SR6NR;Kategoria5;15;PrzemiennikFMDV;"";431.825;439.425;Nowa Ruda
DC.WML.5101.2566.2021.2;2026-07-28;SR5R;Kategoria5;10;AnalogowyPrzemiennikFM;"";145;145.6;Pruszków
DC.WML.5101.2603.2021.2;2026-08-03;SR9NWT;Kategoria5;15;PrzekaznikAPRS;"";144.8;144.8;Zakopane
DC.WML.5101.2784.2021.2;2026-08-18;SR1NRW;Kategoria5;15;PrzekaznikAPRS;"";144.8;144.8;Wa³cz
DC.WML.5101.2816.2021.2;2026-08-19;SR9WXY;Kategoria5;15;StacjaPogodowaAPRS;"";144.8;144.8;Markowe Szczawiny
DC.WML.5101.2902.2021.2;2026-08-25;SR1NRD;Kategoria5;15;PrzekaznikAPRS;"";144.8;144.8;Œwidwin
DC.WML.5101.3101.2021.2;2026-09-16;SR8WXB;Kategoria5;15;StacjaPogodowaAPRS;"";144.8;439.875, 144.8;Bezmiechowa Górna
DC.WML.5101.3102.2021.2;2026-09-16;SR9WXZ;Kategoria5;5;StacjaPogodowaAPRS;"";144.8;144.8;Zarzecze
DC.WML.5101.3255.2021.2;2026-09-29;SR7LDQ;Kategoria5;15;CyfrowyPrzemiennik;"";431.25;438.85;Plichtów
DC.WML.5101.3256.2021.2;2026-09-29;SR1WAD;Kategoria5;15;CyfrowyPrzemiennik;"";431.05;438.65;Wa³cz
DC.WML.5101.3273.2021.2;2026-09-29;SR5PIO;Kategoria5;15;PrzekaznikAPRS;"";144.8;144.8;Pionki
DC.WML.5101.3275.2021.2;2026-09-29;SR2BT;Kategoria5;15;PrzemiennikFMDV;"";431.5;439.1;Iwiec
DC.WML.5101.3276.2021.2;2026-09-29;SR9CZC;Kategoria5;15;CyfrowyPrzemiennik;"";145.3375;145.3375;Czêstochowa
DC.WML.5101.3274.2021.3;2026-10-04;SR5ZU;Kategoria5;15;PrzemiennikFMDV;"";144.8, 431.1;144.8, 438.7;¯uromin
DC.WML.5101.3437.2021.2;2026-12-05;SR9SC;Kategoria5;15;CyfrowyPrzemiennik;"";431.3625;438.9625;Cieszyn
DC.WML.5101.3438.2021.2;2026-10-24;SR8X;Kategoria5;15;AnalogowyPrzemiennikFM;"";145.1;145.7;Olszowiec
DC.WML.5101.3442.2021.2;2026-10-13;SR9WXB;Kategoria5;15;StacjaPogodowa;"";144.95;144.95;Bytom
DC.WML.5101.3462.2021.2;2026-10-18;SR5MDV;Kategoria5;15;CyfrowyPrzemiennik;"";431.28;438.88;Celinów
DC.WML.5101.3481.2021.2;2026-12-23;SR7A;Kategoria5;5;PrzemiennikFMDV;"";2392.25, 431.375, 433.8, 433.65, 432.5, 144.925, 144.8, 50.7;2392.25, 438.975, 433.8, 433.65, 432.5, 144.925, 144.8, 50.7;Kielce
DC.WML.5101.3453.2021.4;2026-10-15;SR3COR;Kategoria5;50;CyfrowyPrzemiennik;"";3.61, 7.078, 433.875;3.61, 7.078, 433.875;Rumianek
DC.WML.5101.288.2021.4;2026-02-03;SR9AMS;Kategoria5;15;PrzemiennikFMDV;"";145.2375;145.2375;Mordarka
DC.WML.5101.3859.2021.2;2026-11-16;SR7LDZ;Kategoria5;15;PrzemiennikFMDV;"";430.75;438.35;£ódŸ
DC.WML.5101.3860.2021.2;2026-11-16;SR2J;Kategoria5;;AnalogowyPrzemiennikFM;"";145.15;145.75;Jab³owo Pa³uckie
DC.WML.5101.3893.2021.2;2026-11-17;SR7LDY;Kategoria5;15;CyfrowyPrzemiennik;"";145.1375;145.7375;Plichtów
DC.WML.5101.3894.2021.2;2026-11-17;SR5WD;Kategoria5;15;PrzemiennikFMDV;"";430.8;438.4;Moszna-Parcela
DC.WML.5101.3895.2021.2;2026-11-18;SR8DLB;Kategoria5;15;PrzekaznikAPRS;"";432.5, 144.8;432.5, 144.8;¯uków-Kolonia
DC.WML.5101.3896.2021.2;2026-11-18;SR5WOT;Kategoria5;15;StacjaPogodowaAPRS;"";144.8;144.8;Karczew
DC.WML.5101.4038.2021.2;2026-12-24;SR2GDD;Kategoria5;15;CyfrowyPrzemiennik;"";430.6875;438.2875;Gdañsk
DC.WML.5101.2840.2020.7;2025-11-20;SR9IVG;Kategoria5;15;AnalogowyPrzemiennikFM;"";70.26;70.26;Mordarka
DC.WML.5101.4046.2021.2;2026-12-03;SR6WF;Kategoria5;15;CyfrowyPrzemiennik;"";430.8;438.4;Mrozów
DC.WML.5101.3861.2021.3;2026-12-09;SR9CSR;Kategoria5;15;PrzemiennikFMDV;"";145.175, 70.29, 70.26, 29.59, 431.9125;439.5125, 29.69;Osiek
DC.WML.5101.4025.2021.4;2026-12-09;SR9L;Kategoria5;15;PrzemiennikFMDV;"";145.0875;145.6875;Limanowa
DC.WML.5101.4088.2021.2;2026-12-10;SR8SDI;Kategoria5;15;PrzekaznikAPRS;"";432.5, 144.8;432.5, 144.8;Œwidnik
DC.WML.5101.1522.2020.5;2025-06-24;SR5SE;Kategoria5;15;PrzemiennikFMDV;"";431.15;438.75;Siedlce
DC.WML.5101.235.2022.2;2027-01-21;SR7UVL;Kategoria5;15;PrzemiennikFMDV;"";431.85;439.45;£ódŸ
DC.WML.5101.253.2022.2;2027-01-27;SR9DX;Kategoria5;15;PrzemiennikFMDV;"";145.025;145.625;Bytom
DC.WML.5101.343.2022.2;2027-01-28;SR9WXP;Kategoria5;5;StacjaPogodowaAPRS;"";144.8;144.8;Pilsko
DC.WML.5101.344.2022.2;2027-02-07;SR9NRY;Kategoria5;15;PrzekaznikAPRS;"";144.8;144.8;Nowy S¹cz
DC.WML.5101.345.2022.2;2027-02-07;SR9WXQ;Kategoria5;15;PrzekaznikAPRS;"";144.8;144.8;Klêczany
DC.WML.5101.381.2022.2;2027-02-01;SR8AR;Kategoria5;50;PrzemiennikFMDV;"";29.59;29.69;Krosno
DC.WML.5101.513.2022.3;2027-02-11;SR2O;Kategoria5;15;PrzemiennikFMDV;"";145.075, 433.8, 144.8;145.675, 433.8, 144.8;Jaszczerek
DC.WML.5101.562.2022.2;2027-04-24;SR3WXA;Kategoria5;15;PrzekaznikAPRS;"";144.8;144.8;Poznañ
DC.WML.5101.610.2022.2;2027-02-17;SR6NWR;Kategoria5;15;PrzekaznikAPRS;"";432.5, 144.8;432.5, 144.8;Wroc³aw
DC.WML.5101.734.2022.2;2027-02-24;SR9AJK;Kategoria5;15;PrzekaznikAPRS;"";144.8;144.8;Krynica-Zdrój
DC.WML.5101.735.2022.3;2027-02-25;SR8LSD;Kategoria5;15;CyfrowyPrzemiennik;"";431.625;430.025;Œwidnik
DC.WML.5101.830.2022.2;2027-03-02;SR3OW;Kategoria5;15;CyfrowyPrzemiennik;"";431.45;439.05;Ostrów Wielkopolski
DC.WML.5101.871.2022.3;2027-03-02;SR1WA;Kategoria5;15;AnalogowyPrzemiennikFM;"";431.8;439.4;Wa³cz
DC.WML.5101.1136.2022.2;2027-03-16;SR2UVO;Kategoria5;15;CyfrowyPrzemiennik;"";431.3625;438.9625;W³oc³awek
DC.WML.5101.1240.2022.4;2027-03-24;SR0LINK;Kategoria5;15;CyfrowyPrzekaznik;"";430.5, 434.3, 433.8, 432.5, 144.8, 144.6, 70.275, 51.15, 50.75, 7.052, 5.353, 3.616;438.1, 434.3, 433.8, 432.5, 144.8, 144.6, 70.275, 51.15, 51.25, 7.052, 5.353, 3.616;Czeluœnica
DC.WML.5101.373.2020.4;2025-02-14;SR5WX;Kategoria5;15;StacjaPogodowa;"";144.9, 434.95, 144.95;144.9, 434.95, 144.95;Warszawa
DC.WML.5101.1347.2022.2;2027-05-22;SR8ET;Kategoria5;15;PrzemiennikFMDV;"";431.6;439.2;Sanok
DC.WML.5101.1453.2022.2;2027-04-06;SR7HYT;Kategoria5;15;CyfrowyPrzemiennik;"";145.02;145.62;£ódŸ
DC.WML.5101.1613.2022.2;2027-04-14;SR3WX;Kategoria5;15;StacjaPogodowa;"";144.95;144.95;Zielona Góra
DC.WML.5101.2259.2022.2;2027-05-24;SR7SC;Kategoria5;15;PrzemiennikFMDV;"";431.725;439.325;Skierniewice
DC.WML.5101.2242.2022.2;2027-05-25;SR2NRH;Kategoria5;15;PrzekaznikAPRS;"";144.8;144.8;Biskupin
DC.WML.5101.2296.2022.3;2027-05-26;SR9UVJ;Kategoria5;15;PrzemiennikFMDV;"";145.0375, 431.9;145.6375, 439.5;Muszyna - TSR Jaworzyna Krynicka
DC.WML.5101.2305.2022.3;2027-06-20;SR9PC;Kategoria5;15;AnalogowyPrzemiennikFM;"";431.25;438.85;Bogdanówka - Koskowa Góra
DC.WML.5101.2306.2022.3;2027-06-20;SR9P;Kategoria5;15;AnalogowyPrzemiennikFM;"";145.0625;145.6625;Bogdanówka - Koskowa Góra 
DC.WML.5101.2395.2022.2;2027-12-12;SR7T;Kategoria5;15;CyfrowyPrzemiennik;"";431.275;438.875;Z³ota
DC.WML.5101.2450.2022.2;2027-06-03;SR9US;Kategoria5;15;PrzemiennikFMDV;"";430.525;438.125;Ustroñ - Góra Czantoria
DC.WML.5101.2307.2022.3;2027-08-01;SR5WU;Kategoria5;15;PrzemiennikFMDV;"";431.175;438.775;Warszawa
DC.WML.5101.2470.2022.2;2027-06-02;SR8DMB;Kategoria5;15;CyfrowyPrzemiennik;"";431.975;439.575;Bezmiechowa Górna
DC.WML.5101.2649.2022.2;2027-05-30;SR3WIRX;Kategoria5;15;CyfrowaStacjaWezlowa;"";144.8625;144.8625;S³awica
DC.WML.5101.2695.2022.2;2027-06-15;SR8UVC;Kategoria5;15;CyfrowyPrzemiennik;"";430.95, 431.95;438.55, 439.55;Choty³ów
DC.WML.5101.3067.2022.2;2027-07-11;SR5DMR;Kategoria5;15;CyfrowyPrzemiennik;"";430.6125;438.2125;Ciechanów
DC.WML.5101.3352.2022.2;2027-07-27;SR9ABC;Kategoria5;15;AnalogowyPrzemiennikFM;"";51.39;51.99;Szczawnica -Góra Przehyba
DC.WML.5101.3353.2022.2;2027-07-27;SR4SA;Kategoria5;15;AnalogowyPrzemiennikFM;"";431.775;439.375;Sokó³ka
DC.WML.5101.3345.2022.3;2032-08-16;SR9NJ;Kategoria5;15;AnalogowyPrzemiennikFM;"";1270.15, 431.1;1298.15, 438.7;Krynica-Zdrój - szczyt góry Jaworzyna Krynicka
DC.WML.5101.3527.2022.2;2027-08-17;SR8V;Kategoria5;15;PrzemiennikFMDV;"";70.275, 51.35, 145.0125;70.275, 51.95, 145.6125;Góra Liwocz
DC.WML.5101.3528.2022.2;2027-08-18;SR5MRF;Kategoria5;10;StacjaPogodowa, PrzekaznikAPRS;"";432.5, 144.8;432.5, 144.8;Warszawa
DC.WML.5101.3805.2022.2;2027-06-02;SR4DIG;Kategoria5;10;CyfrowyPrzekaznik;"";144.8, 144.9, 432.5;144.8, 144.9, 432.5;Bia³ystok
DC.WML.5101.3822.2022.2;2027-09-08;SR5LW;Kategoria5;15;AnalogowyPrzemiennikFM;"";1270.1;1298.1;Pruszków
DC.WML.5101.3823.2022.2;2027-09-08;SR4C4FM;Kategoria5;10;CyfrowyPrzemiennik;"";432.575;432.575;Bia³ystok
DC.WML.5101.3899.2022.2;2027-09-13;SR4RD;Kategoria5;15;AnalogowyPrzemiennikFM, PrzekaznikAPRS;"";430.9375, 144.8;438.5375, 144.8;Ruda
DC.WML.5101.3902.2022.2;2026-05-06;SR0DZ;Kategoria5;15;CyfrowyPrzemiennik;"";144.8, 431.9375, 431.625;144.8, 439.5375, 430.025;Serock
DC.WML.5101.3956.2022.2;2027-09-19;SR9NFB;Kategoria5;15;PrzekaznikAPRS;"";144.8;144.8;Góra Przehyba
DC.WML.5101.3957.2022.2;2027-09-19;SR5ND;Kategoria5;15;PrzemiennikFMDV;"";431.825;439.425;Nowy Dwór Maz.
DC.WML.5101.3958.2022.2;2027-09-19;SR9ZAC;Kategoria5;15;AnalogowyPrzemiennikFM;"";145.2875;145.2875;Koœcielisko
DC.WML.5101.3994.2022.2;2027-09-21;SR7G;Kategoria5;15;CyfrowyPrzemiennik;"";431.4625;439.0625;Z³ota
DC.WML.5101.3995.2022.2;2028-07-09;SR7TCW;Kategoria5;15;AnalogowyPrzemiennikFM;"";438.125;145.3;Z³ota
DC.WML.5101.4039.2022.2;2027-09-12;SR7ATM;Kategoria5;15;PrzekaznikAPRS;"";432.5, 144.8;432.5, 144.8;Tomaszów Maz.
DC.WML.5101.4112.2022.2;2027-10-05;SR4BK;Kategoria5;10;AnalogowyPrzemiennikFM;"";431.325;438.925;Bia³ystok
DC.WML.5101.4158.2022.2;2027-10-06;SR4NOE;Kategoria5;15;PrzekaznikAPRS;"";432.5, 144.8;432.5, 144.8;Olszewo
DC.WML.5101.4225.2022.2;2027-10-12;SR3K;Kategoria5;15;AnalogowyPrzemiennikFM;"";145.15;145.75;Kalisz
DC.WML.5101.4341.2022.2;2027-10-21;SR3WR;Kategoria5;10;PrzekaznikAPRS;"";144.8;144.8;Wronki
DC.WML.5101.4370.2022.3;2027-10-24;SR7ST;Kategoria5;10;PrzemiennikFMDV;"";431.55;439.15;Krzywo³êcz
DC.WML.5101.4396.2022.2;2027-10-25;SR5RAW;Kategoria5;15;PrzekaznikAPRS;"";432.5, 144.9;432.5, 144.9;Radom
DC.WML.5101.4640.2022.2;2027-11-14;SR5DZ;Kategoria5;15;PrzekaznikAPRS;"";144.8;144.8;Nowy Dwór Mazowiecki
DC.WML.5101.4653.2022.2;2027-11-14;SR7SE;Kategoria5;15;CyfrowaStacjaWezlowa, PrzemiennikFMDV, PrzekaznikAPRS, StacjaPogodowa;"";144.875, 438.15, 5675, 2397, 431.775, 431.5, 145.125, 144.95, 144.8;144.875, 438.15, 5675, 2397, 439.375, 432.5, 145.725, 144.95, 144.8;Micigózd
DC.WML.5101.4654.2022.2;2027-11-14;SR0M;Kategoria5;5;StacjaPogodowaAPRS;"";144.8;144.8;Koœcielisko - Mu³owy Kocio³
DC.WML.5101.4655.2022.2;2027-11-14;SR0L;Kategoria5;5;StacjaPogodowaAPRS;"";144.8;144.8;Koœcielisko - Litworowy Kocio³
DC.WML.5101.4778.2022.3;2025-12-03;SR3PB;Kategoria5;15;PrzemiennikFMDV;"";431.275;438.875;Pobiedziska
DC.WML.5101.4797.2022.2;2027-11-28;SR6ACZ;Kategoria5;15;AnalogowyPrzemiennikFM;"";431.35;438.95;Wroc³aw
DC.WML.5101.4812.2022.2;2027-12-15;SR5PR;Kategoria5;10;AnalogowyPrzemiennikFM;"";431.575;439.175;Pruszków
DC.WML.5101.4850.2022.3;2026-06-10;SR6DA;Kategoria5;15;AnalogowyPrzemiennikFM;"";431.5375;439.1375;Dalachów
DC.WML.5101.4852.2022.2;2027-11-28;SR9LC;Kategoria5;15;PrzekaznikAPRS, PrzemiennikFMDV;"";144.8, 145, 431.1;144.8, 145.6, 438.7;Lubecko
DC.WML.5101.4864.2022.2;2027-11-28;SR5LOM;Kategoria5;15;AnalogowyPrzemiennikFM;"";1270.4;1298.4;£omianki
DC.WML.5101.4869.2022.2;2027-11-29;SR5WBR;Kategoria5;15;PrzekaznikAPRS;"";144.8;144.8;Falêcice
DC.WML.5101.4955.2022.2;2027-12-14;SR3DSE;Kategoria5;15;CyfrowyPrzemiennik;"";431.1375;438.7375;Œrem
DC.WML.5101.5258.2022.2;2027-12-20;SR9PJD;Kategoria5;15;PrzemiennikFMDV;"";431.8;439.4;Gliwice
DC.WML.5101.5107.2022.2;2027-12-20;SR5GM;Kategoria5;15;AnalogowyPrzemiennikFM;"";431.625;439.225;Grodzisk Mazowiecki
DC.WML.5101.5357.2022.2;2027-12-29;SR1YWX;Kategoria5;15;CyfrowyPrzemiennik;"";431.6625;439.2625;Szczecin
DC.WML.5101.13.2023.2;2028-01-03;SR2PA;Kategoria5;15;CyfrowyPrzemiennik;"";431.7;439.3;Pas³êk
DC.WML.5101.37.2023.2;2028-01-04;SR7LDD;Kategoria5;15;PrzemiennikFMDV;"";430.625;438.225;£ódŸ
DC.WML.5101.153.2023.2;2028-01-10;SR4APRS;Kategoria5;15;CyfrowyPrzekaznik;"";432.5, 144.8;432.5, 144.8;Ignatki-Osiedle
DC.WML.5101.174.2023.2;2028-01-11;SR6BOX;Kategoria5;15;CyfrowaStacjaWezlowa;"";5675, 2397, 2392.25, 432.5, 431.525, 144.95, 144.925, 144.875, 144.8;5675, 2397, 2392.25, 432.5, 431.525, 144.95, 144.925, 144.875, 144.8;Wroc³aw
DC.WML.5101.177.2023.2;2028-01-11;SR4UG;Kategoria5;15;CyfrowyPrzemiennik;"";431.175;438.775;Giby
DC.WML.5101.178.2023.2;2028-01-11;SR4OE;Kategoria5;15;CyfrowyPrzemiennik;"";431.8;439.4;Olecko
DC.WML.5101.300.2023.2;2028-01-17;SR4OS;Kategoria5;15;CyfrowyPrzemiennik;"";430.8;438.4;Ostróda
DC.WML.5101.328.2023.2;2028-01-19;SR9CZE;Kategoria5;15;AnalogowyPrzemiennikFM;"";431.9625;439.5625;Czêstochowa
DC.WML.5101.392.2023.2;2028-01-25;SR1DSZ;Kategoria5;15;CyfrowyPrzemiennik;"";144.9;144.9;Szczecin
DC.WML.5101.393.2023.2;2028-01-25;SR1DXZ;Kategoria5;15;CyfrowyPrzemiennik;"";144.9;144.9;Szczecin
DC.WML.5101.394.2023.2;2028-01-25;SR1WXZ;Kategoria5;15;CyfrowyPrzemiennik;"";144.9, 144.8;144.9, 144.8;Szczecin
DC.WML.5101.422.2023.2;2033-01-26;SR8AP;Kategoria5;15;AnalogowyPrzemiennikFM;"";431.1;438.7;Rzeszów
DC.WML.5101.462.2023.2;2028-01-27;SR4DM;Kategoria5;15;CyfrowyPrzemiennik;"";430.7;438.3;Podleœna
DC.WML.5101.372.2023.4;2028-02-02;SR3KA;Kategoria5;15;AnalogowyPrzemiennikFM;"";431.775;439.375;Kaszczor
DC.WML.5101.601.2023.2;2028-02-23;SR9ZEA;Kategoria5;15;PrzemiennikFMDV;"";430.8;438.4;Syrynia
DC.WML.5101.603.2023.2;2028-02-03;SR4UVE;Kategoria5;15;PrzemiennikFMDV;"";431;438.6;Pas³êk
DC.WML.5101.669.2023.2;2028-02-08;SR9REY;Kategoria5;15;PrzemiennikFMDV;"";431.31;438.91;Krzeszowice
DC.WML.5101.697.2023.2;2028-02-09;SR4DX;Kategoria5;15;PrzemiennikFMDV;"";431.9;439.5;Pas³êk
DC.WML.5101.704.2023.3;2028-02-10;SR7SAN;Kategoria5;15;CyfrowyPrzemiennik;"";431.4625;439.0625;Koprzywnica
DC.WML.5101.1093.2023.2;2028-03-06;SR6ZEN;Kategoria5;15;AnalogowyPrzemiennikFM;"";431.425;439.025;Opole
DC.WML.5101.1096.2023.2;2028-03-06;SR3GW;Kategoria5;15;AnalogowyPrzemiennikFM;"";431.35;438.95;Gorzów Wielkopolski
DC.WML.5101.1160.2023.2;2028-03-14;SR7DVK;Kategoria5;15;PrzemiennikFMDV;"";430.725;438.325;Kutno
DC.WML.5101.1161.2023.2;2028-03-14;SR2UVV;Kategoria5;15;CyfrowyPrzemiennik;"";431.7125;439.3125;Jab³owo Pa³uckie
DC.WML.5101.1162.2023.2;2028-03-14;SR2DMR;Kategoria5;15;CyfrowyPrzemiennik;"";431.9625, 431.7625;439.5625, 439.3625;Jab³owo  Pa³uckie
DC.WML.5101.1163.2023.2;2028-03-14;SR2JJ;Kategoria5;15;AnalogowyPrzemiennikFM;"";431.5625;439.1625;Jab³owo Pa³uckie
DC.WML.5101.1253.2023.2;2028-03-13;SR9APR;Kategoria5;15;PrzekaznikAPRS;"";144.8;144.8;Wieliczka
DC.WML.5101.1264.2023.2;2028-03-14;SR6GA;Kategoria5;15;AnalogowyPrzemiennikFM;"";431.3;438.9;Szczyt Góry Wielka Sowa
DC.WML.5101.1265.2023.3;2028-03-14;SR6V;Kategoria5;15;AnalogowyPrzemiennikFM;"";145.1625;145.7625;Szczyt Góry Wielka Sowa
DC.WML.5101.1439.2023.2;2028-03-21;SR1WXN;Kategoria5;15;PrzekaznikAPRS;"";144.8;144.8;Chojna
DC.WML.5101.1441.2023.2;2028-03-21;SR1APRE;Kategoria5;5;PrzekaznikAPRS;"";144.8;144.8;Polanów
DC.WML.5101.1497.2023.2;2025-09-16;SR4X;Kategoria5;15;AnalogowyPrzemiennikFM;"";145;145.6;Juchnowiec Górny
DC.WML.5101.1501.2023.2;2028-03-23;SR2SWR;Kategoria5;10;AnalogowyPrzemiennikFM;"";431.175;438.775;Toruñ
DC.WML.5101.1516.2023.2;2028-03-24;SR5SQ;Kategoria5;15;PrzemiennikFMDV;"";431.3875;438.9875;Krze Du¿e
DC.WML.5101.1537.2023.3;2028-03-27;SR9VJK;Kategoria5;15;CyfrowyPrzemiennik;"";430.7125;438.3125;Muszyna - Jaworzyna Krynicka
DC.WML.5101.1721.2023.2;2028-04-03;SR5DMRC;Kategoria5;15;CyfrowyPrzemiennik;"";145.0375;145.6375;Koziczyn
DC.WML.5101.1771.2023.2;2028-04-06;SR5NLK;Kategoria5;15;StacjaPogodowaAPRS, PrzekaznikAPRS;"";432.5, 144.8;432.5, 144.8;Jab³onna
DC.WML.5101.1844.2023.2;2028-04-13;SR7EOP;Kategoria5;15;PrzekaznikAPRS;"";144.95, 144.8;144.95, 144.8;Opoczno
DC.WML.5101.1916.2023.2;2028-04-17;SR1ZW;Kategoria5;15;PrzemiennikFMDV;"";431.1375;438.8375;Œwinoujœcie
DC.WML.5101.2082.2023.2;2028-04-25;SR1WU;Kategoria5;15;PrzemiennikFMDV;"";431.125;438.725;Œwinoujœcie
DC.WML.5101.2088.2023.2;2028-04-25;SR0WW;Kategoria5;15;CyfrowyPrzemiennik;"";431.225;438.825;Wolin
DC.WML.5101.2150.2023.2;2028-03-21;SR1DMR;Kategoria5;15;CyfrowyPrzemiennik;"";145.15;145.75;Polanów
DC.WML.5101.2380.2023.2;2028-05-11;SR7TM;Kategoria5;15;PrzemiennikFMDV;"";431.075;438.675;Tomaszów Mazowiecki
DC.WML.5101.2427.2023.2;2028-05-12;SR1W;Kategoria5;15;PrzemiennikFMDV;"";145.0125;145.6125;Œwinoujœcie
DC.WML.5101.2545.2023.2;2028-05-18;SR5D;Kategoria5;15;CyfrowyPrzemiennik;"";145.1;145.7;Warszawa
DC.WML.5101.2546.2023.2;2028-05-18;SR4MO;Kategoria5;15;AnalogowyPrzemiennikFM;"";430.85;438.45;Mor¹g
DC.WML.5101.2665.2023.2;2028-05-29;SR2GDA;Kategoria5;14;AnalogowyPrzemiennikFM;"";431.75;439.35;Rekcin
DC.WML.5101.2804.2023.2;2028-05-31;SR9RMF;Kategoria5;15;Radiolatarnia;"";70.06;70.06;Góra Przehyba
DC.WML.5101.3215.2023.3;2028-06-22;SR4L;Kategoria5;15;PrzemiennikFMDV;"";430.5;438.1;£om¿a
DC.WML.5101.3552.2023.2;2028-08-20;SR4BI;Kategoria5;15;PrzekaznikAPRS, CyfrowyPrzemiennik;"";432.5, 430.8625;432.5, 438.4625;Juchnowiec Górny
DC.WML.5101.3741.2023.2;2027-12-13;SR9RT;Kategoria5;15;AnalogowyPrzemiennikFM;"";29.56, 51.39, 431.0375, 145.0375;29.66, 51.99, 438.6375, 145.6375;Mordarka
DC.WML.5101.4023.2023.2;2028-07-28;SR9SIE;Kategoria5;15;AnalogowyPrzemiennikFM;"";70.27;70.27;Siemianowice Œl¹skie
DC.WML.5101.4024.2023.2;2028-07-28;SR5DRK;Kategoria5;15;PrzekaznikAPRS;"";432.5, 144.8;432.5, 144.8;"Kos³owiec - Obiekt RTCN ""Emitel"""
DC.WML.5101.4041.2023.2;2033-08-01;SR6OA;Kategoria5;15;AnalogowyPrzemiennikFM;"";431.275;438.875;O³awa
DC.WML.5101.4056.2023.2;2028-08-02;SR3LW;Kategoria5;15;PrzekaznikAPRS, AnalogowyPrzemiennikFM;"";144.8, 431.525;144.8, 439.125;Józefowo
DC.WML.5101.4057.2023.2;2028-08-02;SR5UVR;Kategoria5;15;PrzemiennikFMDV;"";430.925;438.525;Radom
DC.WML.5101.4068.2023.3;2028-08-04;SR9JP;Kategoria5;15;StacjaPogodowa;"";144.95;144.95;Czêstochowa
DC.WML.5101.4069.2023.2;2028-08-04;SR6BR;Kategoria5;15;CyfrowyPrzemiennik;"";438.2;438.2;Brzeg
DC.WML.5101.4070.2023.2;2028-08-04;SR6MI;Kategoria5;15;CyfrowyPrzekaznik, PrzemiennikFMDV, PrzekaznikAPRS, StacjaPogodowa;"";144.875, 438.15, 433.75, 430.55, 431.7375, 432.5, 145.15, 144.95, 144.8;144.875, 438.15, 433.75, 430.55, 439.3375, 432.5, 145.15, 144.95, 144.8;Mi³kowice
DC.WML.5101.4091.2023.2;2028-08-07;SR2EL;Kategoria5;15;AnalogowyPrzemiennikFM;"";431.95;439.55;Elbl¹g
DC.WML.5101.4147.2023.2;2028-08-09;SR7QDX;Kategoria5;15;PrzekaznikAPRS;"";144.8;144.8;Tomaszów Mazowiecki
DC.WML.5101.4490.2023.2;2028-09-01;SR3NKI;Kategoria5;15;PrzekaznikAPRS;"";144.8;144.8;Leszno
DC.WML.5101.4491.2023.2;2028-09-01;SR3UVL;Kategoria5;15;CyfrowyPrzemiennik;"";431.6375;439.2375;Leszno
DC.WML.5101.4492.2023.4;2028-09-11;SR9JG;Kategoria5;15;AnalogowyPrzemiennikFM;"";431.8625;439.4625;Wancerzów
DC.WML.5101.4493.2023.2;2028-09-01;SR6WXJG;Kategoria5;15;StacjaPogodowa;"";144.95;144.95;Jelenia Góra
DC.WML.5101.4494.2023.2;2028-09-01;SR6AA;Kategoria5;15;PrzemiennikFMDV, CyfrowyPrzekaznik, PrzekaznikAPRS, StacjaPogodowa;"";431.8, 438.05, 433.625, 430.45, 432.5, 144.95, 144.8;439.4, 438.05, 433.625, 430.45, 432.5, 144.95, 144.8;Legnica
DC.WML.5101.4518.2023.2;2028-09-01;SR2OKZ;Kategoria5;15;CyfrowyPrzekaznik;"";145.45;145.45;Gdynia
DC.WML.5101.4558.2023.2;2028-09-06;SR3Q;Kategoria5;15;PrzekaznikAPRS;"";434.855, 432.5, 144.8;434.855, 432.5, 144.8;Nekla
DC.WML.5101.4666.2023.2;2028-09-14;SR3SN;Kategoria5;15;AnalogowyPrzemiennikFM;"";431.5;439.1;Roz³ogi
DC.WML.5101.4671.2023.2;2029-01-18;SR9RSR;Kategoria5;15;PrzemiennikFMDV;"";430.7375;438.3375;Rybnik
DC.WML.5101.4687.2023.2;2028-09-15;SR4OEX;Kategoria5;15;AnalogowyPrzemiennikFM;"";430.825, 145.0875;438.425, 145.6875;Olecko
DC.WML.5101.4688.2023.2;2028-09-15;SR4FSK;Kategoria5;15;CyfrowyPrzemiennik;"";431.925;439.525;Grajewo
DC.WML.5101.4786.2023.2;2028-09-22;SR3ZF;Kategoria5;15;AnalogowyPrzemiennikFM;"";1270.5;1298.5;Zielona Góra
DC.WML.5101.4787.2023.2;2028-09-22;SR8AMP;Kategoria5;15;AnalogowyPrzemiennikFM;"";51.28;51.88;GwoŸdzianka
DC.WML.5101.4793.2023.2;2028-09-22;SR8RJS;Kategoria5;50;CyfrowyPrzekaznik;"";438.5, 434.3, 433.8, 432.5, 144.8, 144.6, 70.29, 51.25, 51.15, 432.3, 144.489, 70.091, 50.293, 28.124, 24.924, 21.094, 18.104, 14.095, 10.138, 7.038, 5.364, 3.568, 1.836, 0.474;430.9, 434.3, 433.8, 432.5, 144.8, 144.6, 70.29, 51.75, 51.15, 432.3, 144.489, 70.091, 50.293, 28.124, 24.924, 21.094, 18.104, 14.095, 10.138, 7.038, 5.364, 3.568, 1.836, 0.474;Czeluœnica
DC.WML.5101.5009.2023.2;2028-03-31;SR5GSM;Kategoria5;15;PrzemiennikFMDV;"";434.855, 432.5, 144.8, 431.5, 145.05;434.855, 432.5, 144.8, 439.1, 145.65;Karolino
DC.WML.5101.5010.2023.2;2028-09-25;SR4BP;Kategoria5;15;AnalogowyPrzemiennikFM;"";431.6;439.2;Bia³a Piska
DC.WML.5101.5013.2023.2;2028-10-04;SR2XHG;Kategoria5;10;Radiolatarnia;"";"";24048.88, 10368.88;Gdañsk
DC.WML.5101.5117.2023.3;2028-10-13;SR4BPA;Kategoria5;15;PrzekaznikAPRS;"";432.5, 144.8;432.5, 144.8;Bia³a Piska
DC.WML.5101.5118.2023.2;2028-10-13;SR5ZQ;Kategoria5;15;CyfrowyPrzemiennik;"";431.65;439.25;Krze Du¿e
DC.WML.5101.5119.2023.2;2028-10-13;SR8OSP;Kategoria5;15;PrzekaznikAPRS;"";434.855, 432.5, 144.8;434.855, 432.5, 144.8;Zastawie
DC.WML.5101.5120.2023.2;2028-10-13;SR6LB;Kategoria5;15;Radiolatarnia;"";"";1296.785, 10368.785;Lubin
DC.WML.5101.5205.2023.2;2028-10-19;SR5DLA;Kategoria5;15;PrzekaznikAPRS;"";144.8;144.8;£acha
DC.WML.5101.5306.2023.2;2028-10-27;SR6RC;Kategoria5;15;CyfrowyPrzemiennik;"";430.5;430.5, 438.1;Wroc³aw
DC.WML.5101.5310.2023.2;2028-10-27;SR6NC;Kategoria5;15;CyfrowyPrzemiennik;"";433.8;433.8;Nowogrodziec
DC.WML.5101.5399.2023.2;2028-11-06;SR4S;Kategoria5;15;AnalogowyPrzemiennikFM;"";144.975;145.575;Sokó³ka
DC.WML.5101.5717.2023.2;2028-11-21;SR4BA;Kategoria5;15;AnalogowyPrzemiennikFM;"";430.9375;438.5375;Kiertyny Ma³e
DC.WML.5101.5743.2023.2;2028-09-01;SR4LG;Kategoria5;15;PrzekaznikAPRS, AnalogowyPrzemiennikFM;"";144.8, 433.755, 434.855, 438.725;144.8, 433.755, 434.855, 431.125;Gie³czyn
DC.WML.5101.5785.2023.2;2028-12-31;SR8BCH;Kategoria5;10;PrzekaznikAPRS;"";144.8;144.8;Che³m
DC.WML.5101.5808.2023.3;2028-11-30;SR5ML;Kategoria5;15;PrzekaznikAPRS;"";144.8;144.8;M³awa
DC.WML.5101.5810.2023.2;2028-11-30;SR5QDMR;Kategoria5;15;CyfrowyPrzemiennik;"";430.925;438.525;Siedlce
DC.WML.5101.5814.2023.2;2028-11-30;SR5LA;Kategoria5;15;PrzemiennikFMDV;"";1270.25;1298.25;Moszna-Parcela
DC.WML.5101.5927.2023.3;2028-12-15;SR7WXSI;Kategoria5;15;StacjaPogodowa;"";144.95;144.95;K³ocko
DC.WML.5101.6010.2023.2;2028-12-18;SR4PA;Kategoria5;15;PrzemiennikFMDV;"";144.8, 431.4, 145.175;144.8, 439, 145.775;Pas³êk
DC.WML.5101.6016.2023.2;2028-12-19;SR9RR;Kategoria5;15;PrzemiennikFMDV;"";431.5;439.1;Góra Przehyba
DC.WML.5101.6023.2023.2;2028-12-19;SR5AWK;Kategoria5;15;PrzemiennikFMDV;"";431.6125;431.6125;Warszawa
DC.WML.5101.13.2024.2;2029-01-03;SR5MRK;Kategoria5;15;PrzemiennikFMDV;"";431.6125;431.6125;Rybnik
DC.WML.5101.14.2024.2;2029-01-03;SR8AGA;Kategoria5;15;PrzemiennikFMDV;"";431.75;439.35;Domaradz - Porêby
DC.WML.5101.15.2024.2;2029-01-30;SR4MWO;Kategoria5;15;PrzemiennikFMDV;"";430.55;438.15;Mr¹gowo
DC.WML.5101.350.2024.2;2029-01-23;SR4AUV;Kategoria5;15;AnalogowyPrzemiennikFM;"";145.0875;145.6875;Augustów
DC.WML.5101.388.2024.2;2029-01-23;SR3KK;Kategoria5;15;AnalogowyPrzemiennikFM;"";431.25;438.85;Kalisz
DC.WML.5101.433.2024.2;2029-01-24;SR5NEB;Kategoria5;15;PrzekaznikAPRS;"";432.5, 144.8;432.5, 144.8;Grodzisk Maz.
DC.WML.5101.434.2024.2;2029-01-24;SR6DB;Kategoria5;15;CyfrowaStacjaWezlowa;"";70.26, 144.8, 144.975, 438.345, 2387, 2397;70.26, 144.8, 144.975, 438.345, 2387, 2397;Wa³brzych
DC.WML.5101.495.2024.2;2029-01-26;SR5NWA;Kategoria5;15;PrzekaznikAPRS;"";432.5, 144.8;432.5, 144.8;Warszawa
DC.WML.5101.496.2024.2;2029-01-26;SR5FUS;Kategoria5;15;CyfrowyPrzemiennik;"";430.55;438.15;Radom
DC.WML.5101.626.2024.2;2029-01-31;SR3PN;Kategoria5;15;PrzekaznikAPRS;"";144.8;144.8;Pniewy
DC.WML.5101.628.2024.2;2029-02-01;SR2CPA;Kategoria5;15;PrzekaznikAPRS;"";432.5, 144.8, 433.8, 433.775, 434.855;432.5, 144.8, 433.8, 433.775, 434.855;Tonin
DC.WML.5101.629.2024.2;2029-02-01;SR2SAT;Kategoria5;15;PrzekaznikAPRS;"";144.8;144.8;Samoci¹¿ek
DC.WML.5101.635.2024.3;2029-02-01;SR8BD;Kategoria5;15;AnalogowyPrzemiennikFM;"";70.275, 431.275;70.275, 438.875;Bia³a Podlaska
DC.WML.5101.636.2024.3;2029-02-01;SR8NDB;Kategoria5;15;PrzekaznikAPRS;"";432.5, 144.8;432.5, 144.8;Bia³a Podlaska
DC.WML.5101.638.2024.2;2029-02-01;SR2ATJ;Kategoria5;15;PrzekaznikAPRS;"";144.8, 433.775, 434.855;144.8, 433.775, 434.855;Pakoœæ
DC.WML.5101.639.2024.2;2029-02-01;SR5WWE;Kategoria5;15;PrzekaznikAPRS;"";432.5, 144.8;432.5, 144.8;Polków-Saga³y
DC.WML.5101.719.2024.2;2029-02-06;SR6UVY;Kategoria5;15;PrzemiennikFMDV;"";431.6125;439.2125;O³awa
DC.WML.5101.774.2024.2;2029-02-07;SR8LBT;Kategoria5;15;CyfrowyPrzemiennik;"";431.7;430.1;Lublin
DC.WML.5101.863.2024.3;2029-02-14;SR9TZN;Kategoria5;15;AnalogowyPrzemiennikFM;"";430.6375;438.2375;Katowice
DC.WML.5101.870.2024.2;2029-02-14;SR2INO;Kategoria5;15;PrzekaznikAPRS;"";434.855, 144.8;434.855, 144.8;Inowroc³aw
DC.WML.5101.862.2024.4;2029-02-16;SR5DVR;Kategoria5;15;CyfrowyPrzemiennik;"";439.3625;431.7625;Radom
DC.WML.5101.991.2024.3;2029-02-22;SR9MIR;Kategoria5;15;CyfrowyPrzemiennik;"";10155, 5720.025, 2315, 1298.025, 438.5625, 144.8, 144.3938, 50.51, 29.25, 24.925, 21.092, 18.105, 10.135, 14.105, 7.047, 3.59;10155, 5720.025, 2315, 1298.025, 438.5625, 144.8, 144.3938, 50.51, 29.25, 24.925, 21.092, 18.105, 10.135, 14.105, 7.047, 3.59;Chrzanów
DC.WML.5101.1046.2024.2;2029-04-30;SR1D;Kategoria5;15;PrzekaznikAPRS;"";144.8;144.8;Dar³owo
DC.WML.5101.1207.2024.2;2029-02-06;SR2CSR;Kategoria5;15;PrzekaznikAPRS;"";434.855, 144.8;434.855, 144.8;Bydgoszcz
DC.WML.5101.1414.2024.2;2029-03-11;SR8WXE;Kategoria5;15;PrzekaznikAPRS;"";144.8;144.8;Rzeszów
DC.WML.5101.1427.2024.2;2029-03-11;SR9KM;Kategoria5;15;PrzemiennikFMDV;"";431.375;438.975;Potêpa
DC.WML.5101.1432.2024.2;2029-02-21;SR5ID;Kategoria5;15;PrzekaznikAPRS, StacjaPogodowa, PrzemiennikFMDV;"";144.8, 145.125, 431.4375;144.8, 145.725, 439.0375;Kuflew
DC.WML.5101.1499.2024.2;2029-03-14;SR9RB;Kategoria5;15;PrzemiennikFMDV;"";431.3875;438.9875;Rybnik
DC.WML.5101.1525.2024.2;2029-03-14;SR2LST;Kategoria5;15;PrzekaznikAPRS;"";433.175, 433.8, 432.5, 144.8, 433.775, 434.855;433.175, 433.8, 432.5, 144.8, 433.775, 434.855;Strzelewo
DC.WML.5101.1526.2024.2;2029-03-14;SR5AWG;Kategoria5;15;PrzekaznikAPRS;"";144.8;144.8;Garwolin
DC.WML.5101.1527.2024.2;2029-03-14;SR5FWG;Kategoria5;15;CyfrowyPrzemiennik;"";430.65;438.25;Garwolin
DC.WML.5101.1702.2024.4;2029-03-21;SR7SZ;Kategoria5;15;PrzemiennikFMDV;"";145.0625, 431.5875;145.6625, 439.1875;Krzywo³êcz
DC.WML.5101.1756.2024.2;2029-03-22;SR4U;Kategoria5;10;AnalogowyPrzemiennikFM;"";145.125;145.725;Bia³ystok
DC.WML.5101.1977.2024.2;2029-04-05;SR23E;Kategoria5;15;AnalogowyPrzemiennikFM;"";1270.6;1298.6;Myœlenice
DC.WML.5101.1986.2024.2;2029-04-05;SR3Y;Kategoria5;15;CyfrowaStacjaWezlowa;"";434.05, 144.85;434.05, 144.85;Poznañ
DC.WML.5101.1988.2024.2;2029-04-05;SR3KFM;Kategoria5;15;PrzekaznikAPRS;"";144.8;144.8;Konin
DC.WML.5101.2116.2024.2;2029-03-25;SR8LST;Kategoria5;15;CyfrowyPrzemiennik;"";430.375;438.375;Œwidnik
DC.WML.5101.2170.2024.2;2029-04-12;SR5WF;Kategoria5;15;PrzekaznikAPRS, PrzemiennikFMDV;"";434.855, 144.8, 431.6;434.855, 144.8, 439.2;Warszawa
DC.WML.5101.2171.2024.2;2029-04-30;SR3WXD;Kategoria5;10;AnalogowyPrzemiennikFM;"";144.8;144.8;Drzonków
DC.WML.5101.2221.2024.2;2029-04-15;SR7OS;Kategoria5;15;AnalogowyPrzemiennikFM;"";431.875;439.475;Ostrowiec Œwiêtokrzyski
DC.WML.5101.2336.2024.2;2029-04-22;SR5E;Kategoria5;15;PrzekaznikAPRS, AnalogowyPrzemiennikFM;"";144.8, 431.775;144.8, 439.375;Warszawa
DC.WML.5101.2432.2024.2;2029-05-28;SR8LHN;Kategoria5;10;Radiolatarnia;"";1296.984;1296.984;Rakowiska
DC.WML.5101.2472.2024.2;2029-04-29;SR4LU;Kategoria5;15;PrzemiennikFMDV;"";145.0875, 431.775;145.6875, 439.375;Tuszewo
DC.WML.5101.2473.2024.2;2029-04-29;SR1WR;Kategoria5;15;PrzemiennikFMDV;"";431.45;439.05;Rymañ
DC.WML.5101.2566.2024.2;2029-05-14;SR5MM;Kategoria5;15;AnalogowyPrzemiennikFM;"";431.35;438.95;Miñsk Mazowiecki
DC.WML.5101.2568.2024.5;2029-05-02;SR4BL;Kategoria5;15;PrzekaznikAPRS, AnalogowyPrzemiennikFM;"";144.8, 431;144.8, 438.6;£om¿a
DC.WML.5101.2296.2024.5;2029-05-16;SR8KSR;Kategoria5;15;PrzemiennikFMDV;"";431.325;438.925;Krosno
DC.WML.5101.2906.2024.2;2029-05-17;SR8TPM;Kategoria5;15;AnalogowyPrzemiennikFM;"";145.3375;145.3375;Wi¹zownica
DC.WML.5101.2916.2024.2;2029-05-17;SR0FUN;Kategoria5;15;AnalogowyPrzemiennikATV, PrzemiennikFMDV, PrzekaznikAPRS, StacjaPogodowaAPRS;"";432.7, 430.4, 434.855, 433.9, 433.775, 144.8, 144.7;5825, 5705, 3405, 2360, 1280, 439.7, 438, 437.6, 433.4, 432.5, 434.855, 433.9, 433.775, 144.8, 144.7, 144.5;Nowy S¹cz
DC.WML.5101.2975.2024.2;2029-05-22;SR8LKR;Kategoria5;15;PrzemiennikFMDV;"";430.95;438.55;Kraœnik
DC.WML.5101.2979.2024.2;2029-05-22;SR7TWA;Kategoria5;15;Radiolatarnia;"";"";14.0956, 18.1046, 21.0946, 24.9246, 28.1246, 28.2532;£ódŸ
DC.WML.5101.3228.2024.2;3029-06-05;SR8RK;Kategoria5;15;PrzekaznikAPRS;"";434.855;434.855;Krosno
DC.WML.5101.3405.2024.2;2029-06-14;SR4JLT;Kategoria5;15;CyfrowyPrzekaznik;"";432.5, 144.95, 144.8;432.5, 144.95, 144.8;Narewka
DC.WML.5101.3406.2024.2;2029-06-14;SR4WX;Kategoria5;15;CyfrowyPrzekaznik;"";432.5, 144.95, 144.8;432.5, 144.95, 144.8;Bia³ystok
DC.WML.5101.3455.2024.2;2029-06-12;SR8LUB;Kategoria5;15;AnalogowyPrzemiennikFM;"";431.8;439.4;Lublin
DC.WML.5101.3478.2024.2;2025-09-03;SR8WXL;Kategoria5;15;StacjaPogodowaAPRS;"";434.855, 144.8;434.855, 144.8;Lubatowa
DC.WML.5101.3514.2024.2;2029-06-14;SR9DKA;Kategoria5;15;PrzemiennikFMDV;"";430.9;438.5;Siemianowice Œl¹skie
DC.WML.5101.3515.2024.2;2029-06-14;SR4SUW;Kategoria5;15;CyfrowyPrzekaznik;"";434.7;434.7;Suwa³ki
DC.WML.5101.3516.2024.2;2029-06-14;SR3X;Kategoria5;15;PrzemiennikFMDV;"";431.4375, 145.1625;439.0375, 145.7625;Poznañ
DC.WML.5101.3517.2024.2;2029-06-17;SR8FM;Kategoria5;15;PrzemiennikFMDV;"";434.4;434.4;Zawierzbie
DC.WML.5101.3513.2024.2;2029-06-17;SR5ZOC;Kategoria5;15;CyfrowaStacjaWezlowa;"";434.855, 145.5875, 432.5, 144.95, 144.8;434.855, 145.5875, 432.5, 144.95, 144.8;Nowosielec
DC.WML.5101.3552.2024.2;2025-01-29;SR9NSK;Kategoria5;15;StacjaPogodowaAPRS;"";5745, 144.8, 434.675, 2387, 5690;5745, 144.8, 434.675, 2387, 5690;Góra Skrzyczne
DC.WML.5101.3551.2024.3;2029-06-17;SR9NRA;Kategoria5;15;PrzekaznikAPRS;"";144.8;144.8;Rajcza Graberki
DC.WML.5101.3743.2024.3;2029-06-25;SR6L;Kategoria5;15;PrzemiennikFMDV;"";431.6;439.2;Legnica
DC.WML.5101.4107.2024.2;2029-07-12;SR0LORA;Kategoria5;5;CyfrowyPrzekaznik;"";438.115;438.115;Radzymin
DC.WML.5101.4108.2024.2;2029-07-12;SR3DGW;Kategoria5;15;CyfrowyPrzemiennik;"";430.95;438.55;Gorzów Wielkopolski
DC.WML.5101.4110.2024.2;2029-07-12;SR9SIM;Kategoria5;15;CyfrowyPrzemiennik;"";431.4375;439.0375;Sosnowiec
DC.WML.5101.4118.2024.2;2029-07-12;SR8PKT;Kategoria5;15;PrzekaznikAPRS;"";434.855, 144.8;434.855, 144.8;Wierzawice
DC.WML.5101.4373.2024.2;2029-07-23;SR9NSC;Kategoria5;15;AnalogowyPrzemiennikFM;"";145.3375;145.3375;Nowy S¹cz
DC.WML.5101.4448.2024.2;2029-07-29;SR3PO;Kategoria5;15;PrzemiennikFMDV;"";1270.4, 431.6;1298.4, 439.2;Poznañ
DC.WML.5101.4494.2024.2;2029-08-01;SR9WXJ;Kategoria5;5;PrzekaznikAPRS;"";144.8;144.8;Miêdzybrodzie ¯ywieckie
DC.WML.5101.4626.2024.2;2029-08-08;SR9W;Kategoria5;15;AnalogowyPrzemiennikFM;"";145;145.6;Makowica
DC.WML.5101.4627.2024.2;2029-10-11;SR5MS;Kategoria5;15;CyfrowyPrzemiennik;"";431.2125;438.8125;Nowy Dwór Maz.
DC.WML.5101.5220.2024.3;2029-09-10;SR6TT;Kategoria5;15;AnalogowyPrzemiennikFM;"";431.625;439.225;Stare Rochowice
DC.WML.5101.5224.2024.2;2029-09-10;SR2LMU;Kategoria5;15;PrzekaznikAPRS;"";144.8, 434.855, 433.775, 433.8, 432.5;144.8, 434.855, 433.775, 433.8, 432.5;Murczynek
DC.WML.5101.5248.2024.2;2029-09-17;SR8NLU;Kategoria5;15;AnalogowyPrzemiennikFM, PrzekaznikAPRS, StacjaPogodowaAPRS, CyfrowyPrzemiennik;"";431.325, 433.8, 432.5, 144.95, 144.85, 144.8, 144.6;431.325, 433.8, 432.5, 144.95, 144.85, 144.8, 144.6;Niedrzwica Du¿a
DC.WML.5101.5249.2024.3;2029-09-17;SR4SUU;Kategoria5;15;AnalogowyPrzemiennikFM;"";431.3;438.9;Suwa³ki
DC.WML.5101.5250.2024.2;2029-09-11;SR4PL;Kategoria5;15;AnalogowyPrzemiennikFM;"";431.975;439.575;Podleœna
DC.WML.5101.5251.2024.2;2029-09-11;SR1RES;Kategoria5;15;PrzekaznikAPRS;"";144.8;144.8;Resko
DC.WML.5101.5253.2024.2;2029-09-19;SR1AD;Kategoria5;15;Radiolatarnia;"";432.427, 144.427, 70.042, 50.427;432.427, 144.427, 70.042, 50.427;Szczecin
DC.WML.5101.5254.2024.2;2029-09-11;SR5ECHO;Kategoria5;15;AnalogowyPrzemiennikFM;"";145.7, 439.15;145.7, 439.15;Warszawa
DC.WML.5101.5255.2024.2;2029-09-11;SR0WX;Kategoria5;15;StacjaPogodowa;"";144.95, 434.95;144.95, 434.95;Warszawa
DC.WML.5101.5256.2024.2;2029-09-17;SR7UTM;Kategoria5;15;CyfrowyPrzemiennik;"";431.5;439.1;Tomaszów Mazowiecki
DC.WML.5101.5257.2024.2;2029-09-11;SR3ASE;Kategoria5;15;PrzekaznikAPRS;"";144.8;144.8;Œrem
DC.WML.5101.5352.2024.2;2028-05-19;SR9R;Kategoria5;15;PrzemiennikFMDV;"";431.4125;439.0125;Rybnik
DC.WML.5101.5533.2024.2;2029-10-24;SR7KGO;Kategoria5;15;AnalogowyPrzemiennikFM;"";433.25;145.275;£agiewniki
DC.WML.5101.5534.2024.2;2029-09-30;SR5KAC;Kategoria5;15;PrzekaznikAPRS;"";432.5, 144.8;432.5, 144.8;Kacprówek
DC.WML.5101.5532.2024.4;2029-09-30;SR4WA;Kategoria5;15;AnalogowyPrzemiennikFM;"";430.525;438.125;Wawrowice
DC.WML.5101.6222.2024.2;2029-05-22;SR3DAB;Kategoria5;15;PrzemiennikFMDV;"";431.45, 430.975, 145.1, 431.975, 145.275, 144.8, 432.5;439.05, 438.575, 145.7, 439.575, 145.275, 144.8, 432.5;Zalesie
DC.WML.5101.6223.2024.3;2029-11-08;SR4WA;Kategoria5;15;AnalogowyPrzemiennikFM;"";430.525;438.125;Wawrowice
DC.WML.5101.6224.2024.2;2029-09-11;SR8Y;Kategoria5;15;AnalogowyPrzemiennikFM;"";145.05;145.65;Rzeszów
DC.WML.5101.6225.2024.2;2029-11-08;SR8WX;Kategoria5;15;StacjaPogodowa;"";144.95;144.95;Pu³awy
DC.WML.5101.6227.2024.3;2029-11-08;SR9PSD;Kategoria5;15;PrzemiennikFMDV;"";431.7125;439.7125;Pszów
DC.WML.5101.6230.2024.2;2029-11-08;SR6LDV;Kategoria5;15;PrzemiennikFMDV;"";430.55, 430.65;438.15, 438.25;Legnica
DC.WML.5101.6233.2024.3;2029-11-08;SR9GLC;Kategoria5;15;PrzemiennikFMDV;"";431.15;439.225;Gliwice
DC.WML.5101.6315.2024.2;2030-01-29;SR5OK;Kategoria5;15;PrzemiennikFMDV;"";431.6625;439.2625;Kadzid³o
DC.WML.5101.6317.2024.2;2029-11-18;SR4LIN;Kategoria5;15;PrzemiennikFMDV, PrzekaznikAPRS;"";431.05, 144.8;438.65, 144.8;Jerzwa³d
DC.WML.5101.6318.2024.2;2029-11-18;SR4V;Kategoria5;15;CyfrowaStacjaWezlowa, PrzemiennikFMDV, PrzekaznikAPRS, StacjaPogodowa;"";438.1, 431.75, 145.1375, 144.925, 144.8;439.35, 438.1, 145.1375, 144.925, 144.8;Bia³ystok
DC.WML.5101.6338.2024.2;2029-11-18;SR9EMP;Kategoria5;1;PrzekaznikAPRS;"";434.85;434.85;Kraków
DC.WML.5101.6339.2024.2;2029-11-18;SR5Z;Kategoria5;15;PrzekaznikAPRS, StacjaPogodowaAPRS, StacjaPogodowa;"";434.95, 144.95, 144.8;434.95, 144.95, 144.8;Warszawa
DC.WML.5101.6429.2024.2;2029-11-20;SR7DBZ;Kategoria5;15;PrzemiennikFMDV;"";430.96;438.56;Busko Zdrój
DC.WML.5101.6363.2024.3;2029-11-20;SR7LM;Kategoria5;15;PrzemiennikFMDV;"";431.6;439.2;£ódŸ
DC.WML.5101.6507.2024.2;2029-11-22;SR3DKA;Kategoria5;15;CyfrowyPrzemiennik;"";430.8;438.4;Kalisz
DC.WML.5101.6343.2024.3;2029-11-26;SR7KFX;Kategoria5;15;PrzemiennikFMDV;"";431.65;439.25;Wielenin-Kolonia
DC.WML.5101.6579.2024.2;2029-11-27;SR2W;Kategoria5;15;AnalogowyPrzemiennikFM;"";431.425;439.025;W³oc³awek
DC.WML.5101.6598.2024.2;2029-11-29;SR9WXW;Kategoria5;;StacjaPogodowaAPRS;"";144.8;144.8;Wielki Rachowiec-górna stacja wyci¹gu narciarskiego
DC.WML.5101.6620.2024.3;2029-11-29;SR2WIL;Kategoria5;10;PrzekaznikAPRS;"";432.5, 144.8;432.5, 144.8;Gdañsk
DC.WML.5101.6635.2024.2;2028-07-18;SR8MBR;Kategoria5;15;AnalogowyPrzemiennikFM, PrzekaznikAPRS, AnalogowyPrzemiennikATV;"";29.2, 434.855, 144.8, 145.2375, 50.54, 432.6;29.2, 434.855, 144.8, 145.2375, 50.54, 432.6;Tyczyn
DC.WML.5101.6636.2024.2;2026-11-18;SR8RSC;Kategoria5;15;PrzekaznikAPRS, AnalogowyPrzemiennikATV, AnalogowyPrzemiennikFM;"";434.855, 144.8, 431.6785, 145.2875;434.855, 144.8, 439.275, 145.2875;Boguchwa³a
DC.WML.5101.6640.2024.2;2029-12-02;SR9NLI;Kategoria5;15;StacjaPogodowa;"";5780, 5690, 2387, 431.525, 144.8;5780, 5690, 2387, 439.125, 144.8;Lipowa
DC.WML.5101.6663.2024.3;2029-12-04;SR9DJC;Kategoria5;15;PrzemiennikFMDV;"";145.1875;145.7875;Muszyna 
DC.WML.5101.6537.2024.4;2029-12-10;SR1TET;Kategoria5;15;CyfrowyPrzemiennik;"";430.025;431.625;Stargard
DC.WML.5101.6779.2024.2;2029-12-11;SR1NRS;Kategoria5;15;CyfrowyPrzekaznik;"";432.5, 144.9, 144.875, 144.8;432.5, 144.9, 144.875, 144.8;Stargard
DC.WML.5101.6845.2024.2;2029-12-16;SR9OMP;Kategoria5;15;CyfrowyPrzemiennik;"";431.3375;438.9375;Cieszyn
DC.WML.5101.6870.2024.2;2029-12-16;SR7TX;Kategoria5;15;CyfrowaStacjaWezlowa, StacjaPogodowa, PrzekaznikAPRS, PrzemiennikFMDV;"";144.8, 431.335, 438.935, 144.735, 145.335;144.8, 431.335, 438.935, 144.735, 145.335;Filipy
DC.WML.5101.6871.2024.2;2029-12-16;SR7FX;Kategoria5;15;PrzekaznikAPRS, StacjaPogodowa, PrzemiennikFMDV, CyfrowaStacjaWezlowa;"";144.8, 144.9875, 439.55, 145.5875, 145.0375, 145.6375, 431.95;144.8, 144.9875, 439.55, 145.5875, 145.0375, 145.6375, 431.95;Filipy
