Location,Name,Frequency,Duplex,Offset,Tone,rToneFreq,cToneFreq,DtcsCode,DtcsPolarity,RxDtcsCode,CrossMode,Mode,TStep,Skip,Power,Comment,URCALL,RPT1CALL,RPT2CALL,DVCODE
0,SR0CK,439.062500,-,7.600000,,88.5,77.0,023,NN,023,Tone->Tone,FM,5.00,,50W,Serock,,,,
1,SR0DZ,439.537500,-,7.600000,,88.5,88.5,023,NN,023,Tone->Tone,FM,5.00,,50W,Serock,,,,
2,SR0WW,438.825000,-,7.600000,Tone,82.5,82.5,023,NN,023,Tone->Tone,FM,5.00,,50W,Wolin,,,,
3,SR1ASR,438.625000,-,7.600000,,88.5,88.5,023,NN,023,Tone->Tone,DV,5.00,,50W,Szczecin,,,,
4,SR1CZ,438.712500,-,7.600000,,88.5,82.5,023,NN,023,Tone->Tone,FM,5.00,,50W,Czaplinek,,,,
5,SR1DMR,145.750000,-,0.600000,,88.5,88.5,023,NN,023,Tone->Tone,DV,5.00,,50W,Polanow,,,,
6,SR1G,145.625000,-,0.600000,,88.5,88.5,023,NN,023,Tone->Tone,FM,5.00,,50W,Kolobrzeg,,,,
7,SR1K,145.700000,-,0.600000,Tone,82.5,82.5,023,NN,023,Tone->Tone,FM,5.00,,50W,Stargard,,,,
8,SR1KG,439.225000,-,7.600000,,88.5,88.5,023,NN,023,Tone->Tone,DV,5.00,,50W,Kolobrzeg,,,,
9,SR1KN,438.675000,-,7.600000,,88.5,88.5,023,NN,023,Tone->Tone,FM,5.00,,50W,"Koszalin Gora Chelmska - wieza widokowa",,,,
10,SR1N,145.675000,-,0.600000,,88.5,88.5,023,NN,023,Tone->Tone,FM,5.00,,50W,Koszalin,,,,
11,SR1RE,439.150000,-,7.600000,,88.5,88.5,023,NN,023,Tone->Tone,FM,5.00,,50W,Resko,,,,
12,SR1RG,438.875000,-,7.600000,Tone,82.5,82.5,023,NN,023,Tone->Tone,FM,5.00,,50W,Trzebiatow,,,,
13,SR1SZ,439.075000,-,7.600000,Tone,82.5,82.5,023,NN,023,Tone->Tone,FM,5.00,,50W,Szczecin,,,,
14,SR1TET,431.625000,-,1.600000,,88.5,88.5,023,NN,023,Tone->Tone,DV,5.00,,50W,Stargard,,,,
15,SR1UVH,439.025000,-,7.600000,,88.5,88.5,023,NN,023,Tone->Tone,DV,5.00,,50W,Swinoujscie,,,,
16,SR1UVS,439.412500,-,7.600000,,88.5,88.5,023,NN,023,Tone->Tone,DV,5.00,,50W,Szczecin,,,,
17,SR1UVX,439.387500,-,7.600000,,88.5,88.5,023,NN,023,Tone->Tone,DV,5.00,,50W,Stargard,,,,
18,SR1W,145.612500,-,0.600000,,88.5,88.5,023,NN,023,Tone->Tone,DV,5.00,,50W,Swinoujscie,,,,
19,SR1W,145.612500,-,0.600000,Tone,82.5,82.5,023,NN,023,Tone->Tone,FM,5.00,,50W,Swinoujscie,,,,
20,SR1WA,439.400000,-,7.600000,Tone,82.5,82.5,023,NN,023,Tone->Tone,FM,5.00,,50W,Walcz,,,,
21,SR1WAD,438.650000,-,7.600000,,88.5,88.5,023,NN,023,Tone->Tone,DV,5.00,,50W,Walcz,,,,
22,SR1WR,438.687500,-,7.600000,,88.5,88.5,023,NN,023,Tone->Tone,DV,5.00,,50W,Ryman,,,,
23,SR1WR,439.050000,-,7.600000,,88.5,88.5,023,NN,023,Tone->Tone,DV,5.00,,50W,Ryman,,,,
24,SR1WU,438.725000,-,7.600000,Tone,82.5,82.5,023,NN,023,Tone->Tone,FM,5.00,,50W,Swinoujscie,,,,
25,SR1YWX,439.262500,-,7.600000,,88.5,88.5,023,NN,023,Tone->Tone,DV,5.00,,50W,Stargard,,,,
26,SR1Z,145.637500,-,0.600000,Tone,82.5,82.5,023,NN,023,Tone->Tone,FM,5.00,,50W,"Kolowo EMITEL",,,,
27,SR1ZK-B,439.300000,-,7.600000,,88.5,88.5,023,NN,023,Tone->Tone,DV,5.00,,50W,Kolowo,,,,
28,SR1ZW,438.837500,-,7.600000,,88.5,88.5,023,NN,023,Tone->Tone,DV,5.00,,50W,Swinoujscie,,,,
29,SR2BD,439.000000,-,7.600000,,88.5,88.5,023,NN,023,Tone->Tone,DV,5.00,,50W,Bydgoszcz,,,,
30,SR2BG,145.725000,-,0.600000,Tone,67.0,67.0,023,NN,023,Tone->Tone,FM,5.00,,50W,Bydgoszcz,,,,
31,SR2BT,439.100000,-,7.600000,Tone,77.0,77.0,023,NN,023,Tone->Tone,FM,5.00,,50W,"Bory Tucholskie",,,,
32,SR2BW,438.700000,-,7.600000,,88.5,88.5,023,NN,023,Tone->Tone,FM,5.00,,50W,"Bytow - komin cieplowni Veolia Polnoc",,,,
33,SR2BY,438.725000,-,7.600000,,88.5,67.0,023,NN,023,Tone->Tone,FM,5.00,,50W,Bydgoszcz,,,,
34,SR2C,145.600000,-,0.600000,Tone,94.8,94.8,023,NN,023,Tone->Tone,FM,5.00,,50W,"Chwaszczyno EMITEL",,,,
35,SR2DCH,438.387500,-,7.600000,,88.5,88.5,023,NN,023,Tone->Tone,DV,5.00,,50W,Czluchow,,,,
36,SR2DMR,439.312500,-,7.600000,,88.5,88.5,023,NN,023,Tone->Tone,DV,5.00,,50W,"Szubin - Jablowo Paluckie / wieza p.poz",,,,
37,SR2EL,439.550000,-,7.600000,Tone,94.8,94.8,023,NN,023,Tone->Tone,FM,5.00,,50W,Elblag,,,,
38,SR2FM,439.537500,-,7.600000,Tone,74.4,74.4,023,NN,023,Tone->Tone,FM,5.00,,50W,"Szubin - Jablowo Paluckie / wieza p.poz",,,,
39,SR2G,145.700000,-,0.600000,,88.5,88.5,023,NN,023,Tone->Tone,DV,5.00,,50W,Gdansk,,,,
40,SR2GA,438.975000,-,7.600000,Tone,94.8,94.8,023,NN,023,Tone->Tone,FM,5.00,,50W,Wladyslawowo,,,,
41,SR2GD,439.075000,-,7.600000,Tone,94.8,94.8,023,NN,023,Tone->Tone,FM,5.00,,50W,Gdansk,,,,
42,SR2GD-C,439.087500,-,7.600000,Tone,94.8,94.8,023,NN,023,Tone->Tone,FM,5.00,,50W,Gdansk,,,,
43,SR2GDA,439.350000,-,7.600000,Tone,94.8,94.8,023,NN,023,Tone->Tone,FM,5.00,,50W,"Smetowo Graniczne",,,,
44,SR2GDD,438.287500,-,7.600000,,88.5,88.5,023,NN,023,Tone->Tone,DV,5.00,,50W,Gdansk,,,,
45,SR2GN,439.325000,-,7.600000,Tone,94.8,94.8,023,NN,023,Tone->Tone,FM,5.00,,50W,"Gniewino - Wieza widokowa",,,,
46,SR2GR,439.200000,-,7.600000,,88.5,94.8,023,NN,023,Tone->Tone,FM,5.00,,50W,Grudziadz,,,,
47,SR2GRU,145.687500,-,0.600000,,88.5,94.8,023,NN,023,Tone->Tone,FM,5.00,,50W,Grudziadz,,,,
48,SR2GS,438.550000,-,7.600000,Tone,94.8,94.8,023,NN,023,Tone->Tone,FM,5.00,,50W,Chwaszczyno,,,,
49,SR2GT,439.025000,-,7.600000,Tone,94.8,94.8,023,NN,023,Tone->Tone,FM,5.00,,50W,"Chwaszczyno EMITEL",,,,
50,SR2IN,438.237500,-,7.600000,,88.5,88.5,023,NN,023,Tone->Tone,DV,5.00,,50W,Inowroclaw,,,,
51,SR2J,145.587500,-,0.600000,Tone,74.4,74.4,023,NN,023,Tone->Tone,FM,5.00,,50W,"Szubin - Jablowo Paluckie / wieza p.poz",,,,
52,SR2JJ,439.162500,-,7.600000,Tone,74.4,74.4,023,NN,023,Tone->Tone,FM,5.00,,50W,"Szubin - Jablowo Paluckie / wieza p.poz",,,,
53,SR2K,145.712500,-,0.600000,Tone,88.5,88.5,023,NN,023,Tone->Tone,FM,5.00,,50W,Torun,,,,
54,SR2KU,439.425000,-,7.600000,Tone,94.8,94.8,023,NN,023,Tone->Tone,FM,5.00,,50W,Wiezyca,,,,
55,SR2KY,439.250000,-,7.600000,Tone,88.5,88.5,023,NN,023,Tone->Tone,FM,5.00,,50W,Kwidzyn,,,,
56,SR2MAL,439.062500,-,7.600000,,88.5,88.5,023,NN,023,Tone->Tone,DV,5.00,,50W,Malbork,,,,
57,SR2OK,438.875000,-,7.600000,,88.5,88.5,023,NN,023,Tone->Tone,DV,5.00,,50W,"Gdynia-Oksywie EMITEL",,,,
58,SR2OX,439.475000,-,7.600000,,88.5,88.5,023,NN,023,Tone->Tone,DV,5.00,,50W,Gdynia,,,,
59,SR2PA,439.300000,-,7.600000,Tone,94.8,94.8,023,NN,023,Tone->Tone,FM,5.00,,50W,Paslek,,,,
60,SR2PB,145.737500,-,0.600000,Tone,88.5,88.5,023,NN,023,Tone->Tone,FM,5.00,,50W,Brodnica,,,,
61,SR2SL,438.750000,-,7.600000,,88.5,88.5,023,NN,023,Tone->Tone,FM,5.00,,50W,Slupsk,,,,
62,SR2SWR,438.775000,-,7.600000,Tone,88.5,88.5,023,NN,023,Tone->Tone,FM,5.00,,50W,Torun,,,,
63,SR2T,145.775000,-,0.600000,,88.5,88.5,023,NN,023,Tone->Tone,FM,5.00,,50W,Torun,,,,
64,SR2UVF,438.937500,-,7.600000,,88.5,88.5,023,NN,023,Tone->Tone,DV,5.00,,50W,Bydgoszcz,,,,
65,SR2UVG,438.837500,-,7.600000,Tone,94.8,88.5,023,NN,023,Tone->Tone,DV,5.00,,50W,"Chwaszczyno EMITEL",,,,
66,SR2UVG-B,438.687500,-,7.600000,,88.5,88.5,023,NN,023,Tone->Tone,DV,5.00,,50W,"Chwaszczyno EMITEL",,,,
67,SR2UVO,438.962500,-,7.600000,,88.5,88.5,023,NN,023,Tone->Tone,DV,5.00,,50W,Wloclawek,,,,
68,SR2UVV-B,439.362500,-,7.600000,,88.5,88.5,023,NN,023,Tone->Tone,DV,5.00,,50W,"Szubin - Jablowo Paluckie / wieza p.poz",,,,
69,SR2VV,439.137500,-,7.600000,Tone,74.4,74.4,023,NN,023,Tone->Tone,FM,5.00,,50W,Szubin,,,,
70,SR2VV-B,145.750000,-,0.600000,Tone,74.4,88.5,023,NN,023,Tone->Tone,DV,5.00,,50W,Szubin,,,,
71,SR2VVV,439.337500,-,7.600000,,88.5,88.5,023,NN,023,Tone->Tone,DV,5.00,,50W,Szubin,,,,
72,SR2VVV-B,438.812500,-,7.600000,,88.5,88.5,023,NN,023,Tone->Tone,DV,5.00,,50W,Szubin,,,,
73,SR2W,439.025000,-,7.600000,,88.5,82.5,023,NN,023,Tone->Tone,FM,5.00,,50W,Wloclawek,,,,
74,SR2WE,439.225000,-,7.600000,,88.5,88.5,023,NN,023,Tone->Tone,DV,5.00,,50W,Wejherowo,,,,
75,SR2Z,145.650000,-,0.600000,Tone,94.8,94.8,023,NN,023,Tone->Tone,FM,5.00,,50W,"Gdynia-Oksywie EMITEL",,,,
76,SR3DAB,438.575000,-,7.600000,,88.5,88.5,023,NN,023,Tone->Tone,DV,5.00,,50W,Zalesie,,,,
77,SR3DAB,439.575000,-,7.600000,,88.5,88.5,023,NN,023,Tone->Tone,DV,5.00,,50W,Zalesie,,,,
78,SR3DAB,439.050000,-,7.600000,,88.5,88.5,023,NN,023,Tone->Tone,DV,5.00,,50W,Zalesie,,,,
79,SR3DGW,438.550000,-,7.600000,,88.5,88.5,023,NN,023,Tone->Tone,DV,5.00,,50W,"Gorzow Wielkopolski",,,,
80,SR3DKA,438.400000,-,7.600000,,88.5,88.5,023,NN,023,Tone->Tone,DV,5.00,,50W,Kalisz,,,,
81,SR3DMR,145.612500,-,0.600000,,88.5,88.5,023,NN,023,Tone->Tone,DV,5.00,,50W,Poznan,,,,
82,SR3DOS,438.287500,-,7.600000,,88.5,88.5,023,NN,023,Tone->Tone,DV,5.00,,50W,"Ostrow Wielkopolski",,,,
83,SR3DRW,438.337500,-,7.600000,,88.5,88.5,023,NN,023,Tone->Tone,DV,5.00,,50W,Rawicz,,,,
84,SR3DSE,438.737500,-,7.600000,,88.5,88.5,023,NN,023,Tone->Tone,DV,5.00,,50W,Srem,,,,
85,SR3DZG,438.962500,-,7.600000,,88.5,88.5,023,NN,023,Tone->Tone,DV,5.00,,50W,"Zielona Gora",,,,
86,SR3G,145.750000,-,0.600000,Tone,77.0,77.0,023,NN,023,Tone->Tone,FM,5.00,,50W,"Gorzow Wielkopolski",,,,
87,SR3GW,438.950000,-,7.600000,,88.5,77.0,023,NN,023,Tone->Tone,FM,5.00,,50W,"Gorzow Wielkopolski - lokalny",,,,
88,SR3J,439.500000,-,7.600000,Tone,79.7,79.7,023,NN,023,Tone->Tone,FM,5.00,,50W,"RTCN Jemiolow/Lagow maszt EmiTel",,,,
89,SR3JA,438.975000,-,7.600000,Tone,110.9,110.9,023,NN,023,Tone->Tone,FM,5.00,,50W,"Jarocin ul. Kosciuszki 43",,,,
90,SR3K,145.750000,-,0.600000,,88.5,88.5,023,NN,023,Tone->Tone,FM,5.00,,50W,Kalisz,,,,
91,SR3KA,439.375000,-,7.600000,,88.5,88.5,023,NN,023,Tone->Tone,DV,5.00,,50W,Kaszczor,,,,
92,SR3KH,438.800000,-,7.600000,,88.5,88.5,023,NN,023,Tone->Tone,FM,5.00,,50W,"Kolo - ZST",,,,
93,SR3KH,438.312500,-,7.600000,,88.5,88.5,023,NN,023,Tone->Tone,DV,5.00,,50W,Kolo,,,,
94,SR3KHA,438.312500,-,7.600000,,88.5,88.5,023,NN,023,Tone->Tone,DV,5.00,,50W,"62-600 Kolo ul. Dabrowskiego 7",,,,
95,SR3KRZ,438.687500,-,7.600000,,88.5,88.5,023,NN,023,Tone->Tone,DV,5.00,,50W,Krzemieniewo,,,,
96,SR3L,145.775000,-,0.600000,Tone,103.5,103.5,023,NN,023,Tone->Tone,FM,5.00,,50W,Leszno,,,,
97,SR3LS,439.275000,-,7.600000,Tone,103.5,103.5,023,NN,023,Tone->Tone,FM,5.00,,50W,Leszno,,,,
98,SR3LW,439.125000,-,7.600000,Tone,110.9,110.9,023,NN,023,Tone->Tone,FM,5.00,,50W,Lwowek,,,,
99,SR3MDV,439.575000,-,7.600000,,88.5,88.5,023,NN,023,Tone->Tone,DV,5.00,,50W,,,,,
100,SR3MDW,439.225000,-,7.600000,Tone,103.5,103.5,023,NN,023,Tone->Tone,FM,5.00,,50W,Leszno,,,,
101,SR3N,145.687500,-,0.600000,Tone,110.9,110.9,023,NN,023,Tone->Tone,FM,5.00,,50W,Pila,,,,
102,SR3O,145.725000,-,0.600000,,88.5,103.5,023,NN,023,Tone->Tone,FM,5.00,,50W,"Ostrow Wielkopolski",,,,
103,SR3P,145.650000,-,0.600000,Tone,110.9,110.9,023,NN,023,Tone->Tone,FM,5.00,,50W,"Poznan - Debiec",,,,
104,SR3PB,438.875000,-,7.600000,Tone,110.9,110.9,023,NN,023,Tone->Tone,FM,5.00,,50W,Pobiedziska,,,,
105,SR3PI,439.050000,-,7.600000,,88.5,67.0,023,NN,023,Tone->Tone,FM,5.00,,50W,Pila,,,,
106,SR3PO,439.200000,-,7.600000,Tone,110.9,110.9,023,NN,023,Tone->Tone,FM,5.00,,50W,Poznan,,,,
107,SR3PX,438.900000,-,7.600000,Tone,110.9,110.9,023,NN,023,Tone->Tone,FM,5.00,,50W,Slomowo,,,,
108,SR3SN,439.100000,-,7.600000,,88.5,100.0,023,NN,023,Tone->Tone,FM,5.00,,50W,Swiebodzin,,,,
109,SR3T,145.637500,-,0.600000,Tone,110.9,110.9,023,NN,023,Tone->Tone,FM,5.00,,50W,Malanow,,,,
110,SR3UVJ,438.412500,-,7.600000,,88.5,88.5,023,NN,023,Tone->Tone,DV,5.00,,50W,"RTCN Jemiolow/Lagow maszt EmiTel",,,,
111,SR3UVL,439.237500,-,7.600000,,88.5,88.5,023,NN,023,Tone->Tone,DV,5.00,,50W,Leszno,,,,
112,SR3WT,439.325000,-,7.600000,Tone,110.9,110.9,023,NN,023,Tone->Tone,FM,5.00,,50W,Wolsztyn,,,,
113,SR3X,145.762500,-,0.600000,Tone,110.9,110.9,023,NN,023,Tone->Tone,FM,5.00,,50W,Poznan,,,,
114,SR3XX,439.025000,-,7.600000,Tone,110.9,110.9,023,NN,023,Tone->Tone,FM,5.00,,50W,Poznan,,,,
115,SR3XXX,438.700000,-,7.600000,Tone,110.9,110.9,023,NN,023,Tone->Tone,FM,5.00,,50W,"RTCN Poznan/Srem maszt EmiTel adres Gora 42 kolo Sremu",,,,
116,SR3Z,145.712500,-,0.600000,Tone,71.9,71.9,023,NN,023,Tone->Tone,FM,5.00,,50W,"Zielona Gora",,,,
117,SR3ZBZ,438.362500,-,7.600000,,88.5,88.5,023,NN,023,Tone->Tone,DV,5.00,,50W,Chodziez,,,,
118,SR3ZG,439.075000,-,7.600000,Tone,203.5,203.5,023,NN,023,Tone->Tone,FM,5.00,,50W,"Zielona Gora",,,,
119,SR3ZJ,438.750000,-,7.600000,Tone,79.7,79.7,023,NN,023,Tone->Tone,FM,5.00,,50W,"RTCN Jemiolow/Lagow maszt EmiTel",,,,
120,SR3ZX,439.350000,-,7.600000,,88.5,88.5,023,NN,023,Tone->Tone,DV,5.00,,50W,"Zielona Gora",,,,
121,SR4BA,438.537500,-,7.600000,,88.5,67.0,023,NN,023,Tone->Tone,FM,5.00,,50W,Bartoszyce,,,,
122,SR4BI,438.462500,-,7.600000,Tone,67.0,67.0,023,NN,023,Tone->Tone,FM,5.00,,50W,Juchnowiec,,,,
123,SR4BS,439.025000,-,7.600000,Tone,67.0,67.0,023,NN,023,Tone->Tone,FM,5.00,,50W,Bialystok,,,,
124,SR4C4FM,432.575000,,0.000000,,88.5,88.5,023,NN,023,Tone->Tone,DV,5.00,,50W,Bialystok,,,,
125,SR4D,145.787500,-,0.600000,Tone,67.0,67.0,023,NN,023,Tone->Tone,FM,5.00,,50W,"Milki k/Gizycka  EMITEL",,,,
126,SR4DG,438.862500,-,7.600000,,88.5,88.5,023,NN,023,Tone->Tone,DV,5.00,,50W,"Gora Dylewska EMITEL",,,,
127,SR4DGD,438.250000,-,7.600000,,88.5,88.5,023,NN,023,Tone->Tone,DV,5.00,,50W,"Gora Dylewska EMITEL",,,,
128,SR4DGT,438.575000,-,7.600000,Tone,67.0,67.0,023,NN,023,Tone->Tone,FM,5.00,,50W,"Gora Dylewska EMITEL",,,,
129,SR4DX,439.500000,-,7.600000,,88.5,88.5,023,NN,023,Tone->Tone,DV,5.00,,50W,Paslek,,,,
130,SR4EL,439.050000,-,7.600000,Tone,94.8,94.8,023,NN,023,Tone->Tone,FM,5.00,,50W,Elblag,,,,
131,SR4J,145.625000,-,0.600000,Tone,67.0,67.0,023,NN,023,Tone->Tone,FM,5.00,,50W,"Gora Dylewska EMITEL",,,,
132,SR4KT,439.275000,-,7.600000,,88.5,88.5,023,NN,023,Tone->Tone,DV,5.00,,50W,Ketrzyn,,,,
133,SR4L,438.100000,-,7.600000,,88.5,88.5,023,NN,023,Tone->Tone,DV,5.00,,50W,Lomza,,,,
134,SR4LG,438.725000,-,7.600000,Tone,67.0,67.0,023,NN,023,Tone->Tone,FM,5.00,,50W,Gielczyn,,,,
135,SR4LIN,438.650000,-,7.600000,,88.5,88.5,023,NN,023,Tone->Tone,DV,5.00,,50W,Jerzwald,,,,
136,SR4LO,439.100000,-,7.600000,Tone,67.0,67.0,023,NN,023,Tone->Tone,FM,5.00,,50W,"Lomza - maszt",,,,
137,SR4LU,439.375000,-,7.600000,,88.5,67.0,023,NN,023,Tone->Tone,FM,5.00,,50W,Lubawa,,,,
138,SR4MI,438.750000,-,7.600000,Tone,67.0,67.0,023,NN,023,Tone->Tone,FM,5.00,,50W,"Milki k/Gizycka EMITEL",,,,
139,SR4MID,438.225000,-,7.600000,,88.5,88.5,023,NN,023,Tone->Tone,DV,5.00,,50W,"Milki k/Gizycka EMITEL",,,,
140,SR4MIT,438.525000,-,7.600000,,88.5,88.5,023,NN,023,Tone->Tone,DV,5.00,,50W,"Milki k/Gizycka EMITEL",,,,
141,SR4MO,438.450000,-,7.600000,,88.5,67.0,023,NN,023,Tone->Tone,FM,5.00,,50W,Morag,,,,
142,SR4MR,439.150000,-,7.600000,Tone,67.0,67.0,023,NN,023,Tone->Tone,FM,5.00,,50W,"Mragowo - wieza cisnien wodociagow",,,,
143,SR4MWO,438.150000,-,7.600000,Tone,67.0,67.0,023,NN,023,Tone->Tone,FM,5.00,,50W,Mragowo,,,,
144,SR4O,145.725000,-,0.600000,Tone,67.0,88.5,023,NN,023,Tone->Tone,FM,5.00,,50W,Olsztyn,,,,
145,SR4OE,439.400000,-,7.600000,,88.5,88.5,023,NN,023,Tone->Tone,DV,5.00,,50W,Olecko,,,,
146,SR4ON,438.675000,-,7.600000,Tone,67.0,67.0,023,NN,023,Tone->Tone,FM,5.00,,50W,Olsztyn,,,,
147,SR4OND,438.500000,-,7.600000,,88.5,88.5,023,NN,023,Tone->Tone,DV,5.00,,50W,Olsztyn,,,,
148,SR4OS,438.400000,-,7.600000,,88.5,67.0,023,NN,023,Tone->Tone,FM,5.00,,50W,Ostroda,,,,
149,SR4PA,439.000000,-,7.600000,Tone,94.8,94.8,023,NN,023,Tone->Tone,FM,5.00,,50W,"Paslek pow. elblaski",,,,
150,SR4PA,145.775000,-,0.600000,Tone,94.8,94.8,023,NN,023,Tone->Tone,FM,5.00,,50W,Paslek,,,,
151,SR4PL,439.575000,-,9.400000,Tone,67.0,67.0,023,NN,023,Tone->Tone,FM,5.00,,50W,"Podlesna 66",,,,
152,SR4RS,145.700000,-,0.600000,Tone,67.0,67.0,023,NN,023,Tone->Tone,FM,5.00,,50W,Bialystok,,,,
153,SR4S,145.575000,-,0.600000,Tone,67.0,67.0,023,NN,023,Tone->Tone,FM,5.00,,50W,Sokolka,,,,
154,SR4SA,439.375000,-,7.600000,Tone,67.0,67.0,023,NN,023,Tone->Tone,FM,5.00,,50W,Sokolka,,,,
155,SR4SN,438.875000,-,7.600000,,88.5,67.0,023,NN,023,Tone->Tone,FM,5.00,,50W,Szczytno,,,,
156,SR4SU,438.800000,-,7.600000,Tone,67.0,67.0,023,NN,023,Tone->Tone,FM,5.00,,50W,Jeleniewo,,,,
157,SR4SUU,438.900000,-,7.600000,,88.5,88.5,023,NN,023,Tone->Tone,FM,5.00,,50W,"Suwalki ul. Mickiewicza 15",,,,
158,SR4SUW,434.700000,,0.000000,,88.5,67.0,023,NN,023,Tone->Tone,FM,5.00,,50W,Suwalki,,,,
159,SR4T,145.762500,-,0.600000,Tone,94.8,94.8,023,NN,023,Tone->Tone,FM,5.00,,50W,Turcz,,,,
160,SR4U,145.725000,-,0.600000,,88.5,88.5,023,NN,023,Tone->Tone,FM,5.00,,50W,Bialystok,,,,
161,SR4UBI,439.425000,-,7.600000,,88.5,88.5,023,NN,023,Tone->Tone,DV,5.00,,50W,Bialystok,,,,
162,SR4UG,438.775000,-,7.600000,,88.5,88.5,023,NN,023,Tone->Tone,DV,5.00,,50W,Giby,,,,
163,SR4UVD,439.512500,-,7.600000,,88.5,88.5,023,NN,023,Tone->Tone,DV,5.00,,50W,"Gora Dylewska EMITEL",,,,
164,SR4UVE,438.600000,-,7.600000,,88.5,94.8,023,NN,023,Tone->Tone,FM,5.00,,50W,Paslek,,,,
165,SR4UVM,439.487500,-,7.600000,,88.5,88.5,023,NN,023,Tone->Tone,DV,5.00,,50W,"Milki k/Gizycka  EMITEL",,,,
166,SR4UVN,439.462500,-,7.600000,,88.5,88.5,023,NN,023,Tone->Tone,DV,5.00,,50W,Olsztyn,,,,
167,SR4WA,438.125000,-,7.600000,Tone,67.0,67.0,023,NN,023,Tone->Tone,FM,5.00,,50W,Wawrowice,,,,
168,SR4X,145.600000,-,0.600000,,88.5,67.0,023,NN,023,Tone->Tone,FM,5.00,,50W,Juchnowiec,,,,
169,SR5AWK,431.612500,,0.000000,,88.5,88.5,023,NN,023,Tone->Tone,DV,5.00,,50W,Warszawa,,,,
170,SR5CI,438.437500,-,7.600000,,88.5,127.3,023,NN,023,Tone->Tone,FM,5.00,,50W,Ciechanow,,,,
171,SR5DMR,438.212500,-,7.600000,,88.5,88.5,023,NN,023,Tone->Tone,DV,5.00,,50W,"06-461 Koziczyn 46",,,,
172,SR5DMRC,145.637500,-,0.600000,,88.5,88.5,023,NN,023,Tone->Tone,DV,5.00,,50W,"06-461 Koziczyn 46",,,,
173,SR5DVR,439.362500,-,7.600000,,88.5,88.5,023,NN,023,Tone->Tone,DV,5.00,,50W,"RADOM - maszt Emitel",,,,
174,SR5E,439.375000,-,7.600000,,88.5,127.3,023,NN,023,Tone->Tone,FM,5.00,,50W,Warszawa-Ochota,,,,
175,SR5ECHO,439.150000,,0.000000,,88.5,88.5,023,NN,023,Tone->Tone,FM,5.00,,50W,Warszawa,,,,
176,SR5ECHO,145.700000,,0.000000,,88.5,88.5,023,NN,023,Tone->Tone,FM,5.00,,50W,WARSZAWA,,,,
177,SR5FUS,438.150000,-,7.600000,,88.5,88.5,023,NN,023,Tone->Tone,DV,5.00,,50W,Radom,,,,
178,SR5FWG,438.250000,-,7.600000,Tone,127.3,127.3,023,NN,023,Tone->Tone,FM,5.00,,50W,Garwolin,,,,
179,SR5GM,439.225000,-,7.600000,Tone,127.3,127.3,023,NN,023,Tone->Tone,FM,5.00,,50W,"Grodzisk Mazowiecki",,,,
180,SR5KPN,438.200000,-,7.600000,Tone,127.3,127.3,023,NN,023,Tone->Tone,FM,5.00,,50W,Zamczysko,,,,
181,SR5MDV,438.887500,-,7.600000,,88.5,88.5,023,NN,023,Tone->Tone,DV,5.00,,50W,"Minsk Mazowiecki",,,,
182,SR5MM,438.950000,-,7.600000,Tone,127.3,127.3,023,NN,023,Tone->Tone,FM,5.00,,50W,"Minsk Mazowiecki",,,,
183,SR5MS,438.812500,-,7.600000,,88.5,88.5,023,NN,023,Tone->Tone,DV,5.00,,50W,"Nowy Dwor Mazowiecki",,,,
184,SR5ND,439.425000,-,7.600000,Tone,127.3,127.3,023,NN,023,Tone->Tone,FM,5.00,,50W,"Nowy Dwor Mazowiecki",,,,
185,SR5NRD,438.975000,-,7.600000,,88.5,127.3,023,NN,023,Tone->Tone,FM,5.00,,50W,Cybulin,,,,
186,SR5O,145.675000,-,0.600000,Tone,127.3,127.3,023,NN,023,Tone->Tone,FM,5.00,,50W,Ostroleka,,,,
187,SR5OK,439.262500,-,7.600000,,88.5,88.5,023,NN,023,Tone->Tone,FM,5.00,,50W,Kadzidlo,,,,
188,SR5OMZ,145.737500,-,0.600000,,88.5,88.5,023,NN,023,Tone->Tone,DV,5.00,,50W,Ciechanow,,,,
189,SR5OS,439.050000,-,7.600000,,88.5,67.0,023,NN,023,Tone->Tone,FM,5.00,,50W,Ostroleka,,,,
190,SR5P,145.725000,-,0.600000,,88.5,127.3,023,NN,023,Tone->Tone,FM,5.00,,50W,Plock,,,,
191,SR5PL,439.125000,-,7.600000,,88.5,127.3,023,NN,023,Tone->Tone,FM,5.00,,50W,Plock,,,,
192,SR5POT,439.150000,-,7.600000,Tone,127.3,127.3,023,NN,023,Tone->Tone,FM,5.00,,50W,"Warszawa - Kaweczyn",,,,
193,SR5PR,439.175000,-,7.600000,,88.5,88.5,023,NN,023,Tone->Tone,FM,5.00,,50W,Pruszkow,,,,
194,SR5QDMR,438.525000,-,7.600000,,88.5,88.5,023,NN,023,Tone->Tone,DV,5.00,,50W,Siedlce,,,,
195,SR5R,145.600000,-,0.600000,,88.5,127.3,023,NN,023,Tone->Tone,FM,5.00,,50W,Pruszkow,,,,
196,SR5RA,438.925000,-,7.600000,Tone,118.8,118.8,023,NN,023,Tone->Tone,FM,5.00,,50W,Radom,,,,
197,SR5RAD,145.787500,-,0.600000,Tone,118.8,118.8,023,NN,023,Tone->Tone,FM,5.00,,50W,"RADOM - maszt Emitel",,,,
198,SR5RK,438.750000,-,7.600000,Tone,118.8,118.8,023,NN,023,Tone->Tone,FM,5.00,,50W,"Kozlowiec - Przysucha RTCN",,,,
199,SR5RR,439.275000,-,7.600000,Tone,127.3,127.3,023,NN,023,Tone->Tone,FM,5.00,,50W,"Warszawa - Mokotow ul. Iberyjska",,,,
200,SR5S,145.612500,-,0.600000,Tone,127.3,127.3,023,NN,023,Tone->Tone,FM,5.00,,50W,Siedlce,,,,
201,SR5SE,438.750000,-,7.600000,Tone,127.3,127.3,023,NN,023,Tone->Tone,FM,5.00,,50W,Siedlce,,,,
202,SR5U,145.775000,-,0.600000,,88.5,88.5,023,NN,023,Tone->Tone,FM,5.00,,50W,"Warszawa Ursus",,,,
203,SR5UOS,438.912500,-,7.600000,,88.5,88.5,023,NN,023,Tone->Tone,DV,5.00,,50W,Ostroleka,,,,
204,SR5UR,439.300000,-,7.600000,,88.5,127.3,023,NN,023,Tone->Tone,FM,5.00,,50W,"Warszawa Ursus",,,,
205,SR5UVR,438.525000,-,7.600000,,88.5,88.5,023,NN,023,Tone->Tone,DV,5.00,,50W,Radom,,,,
206,SR5VW,438.825000,-,7.600000,Tone,67.0,67.0,023,NN,023,Tone->Tone,FM,5.00,,50W,"Rozan EMITEL",,,,
207,SR5W,145.750000,-,0.600000,Tone,127.3,127.3,023,NN,023,Tone->Tone,FM,5.00,,50W,"Warszawa - komin EC Kaweczyn",,,,
208,SR5WB,438.550000,-,7.600000,,88.5,88.5,023,NN,023,Tone->Tone,DV,5.00,,50W,"Moszna-Parcela komin Elektrocieplowni Pruszkow II",,,,
209,SR5WC,438.600000,-,7.600000,,88.5,88.5,023,NN,023,Tone->Tone,DV,5.00,,50W,"Moszna-Parcela komin Elektrocieplowni Pruszkow II",,,,
210,SR5WI,438.900000,-,7.600000,,88.5,88.5,023,NN,023,Tone->Tone,DV,5.00,,50W,Warszawa,,,,
211,SR5WP,438.625000,-,7.600000,Tone,127.3,127.3,023,NN,023,Tone->Tone,FM,5.00,,50W,"Moszna-Parcela komin Elektrocieplowni Pruszkow II",,,,
212,SR5WU,438.775000,-,7.600000,,88.5,88.5,023,NN,023,Tone->Tone,DV,5.00,,50W,Warszawa-Ursynow,,,,
213,SR5WW,438.500000,-,7.600000,,88.5,88.5,023,NN,023,Tone->Tone,DV,5.00,,50W,"Warszawa - Komin EC Kaweczyn",,,,
214,SR5WWL,438.462500,-,7.600000,Tone,127.3,127.3,023,NN,023,Tone->Tone,FM,5.00,,50W,Marki,,,,
215,SR5WZ,439.000000,-,7.600000,Tone,127.3,127.3,023,NN,023,Tone->Tone,FM,5.00,,50W,"Moszna-Parcela komin Elektrocieplowni Pruszkow II",,,,
216,SR5ZIP,439.250000,-,7.600000,Tone,127.3,127.3,023,NN,023,Tone->Tone,FM,5.00,,50W,Warszawa,,,,
217,SR5ZOC,145.587000,,0.000000,Tone,127.3,127.3,023,NN,023,Tone->Tone,FM,5.00,,50W,Nowosielce,,,,
218,SR5ZU,438.700000,-,7.600000,Tone,88.5,88.5,023,NN,023,Tone->Tone,FM,5.00,,50W,Zuromin,,,,
219,SR6AA,439.400000,-,7.600000,,88.5,67.0,023,NN,023,Tone->Tone,FM,5.00,,50W,Legnica,,,,
220,SR6ACZ,438.950000,-,7.600000,Tone,103.5,103.5,023,NN,023,Tone->Tone,FM,5.00,,50W,Wroclaw,,,,
221,SR6B,145.762500,-,0.600000,Tone,77.0,77.0,023,NN,023,Tone->Tone,FM,5.00,,50W,"Dzialoszyn - stacja meteo",,,,
222,SR6C,439.250000,-,7.600000,,88.5,67.0,023,NN,023,Tone->Tone,FM,5.00,,50W,Boleslawiec,,,,
223,SR6DA,439.137500,-,7.600000,,88.5,88.5,023,NN,023,Tone->Tone,FM,5.00,,50W,Dalachow,,,,
224,SR6DKB,438.262500,-,7.600000,,88.5,88.5,023,NN,023,Tone->Tone,DV,5.00,,50W,Krapkowice,,,,
225,SR6DMR,438.487500,-,7.600000,,88.5,88.5,023,NN,023,Tone->Tone,DV,5.00,,50W,Wroclaw,,,,
226,SR6DST,145.687500,-,0.600000,Tone,123.0,123.0,023,NN,023,Tone->Tone,FM,5.00,,50W,"Strzelin Wieza Cisnien",,,,
227,SR6DWS,438.462500,-,7.600000,,88.5,88.5,023,NN,023,Tone->Tone,DV,5.00,,50W,"Wielka Sowa",,,,
228,SR6FG,439.187500,-,7.600000,Tone,103.5,103.5,023,NN,023,Tone->Tone,FM,5.00,,50W,,,,,
229,SR6G,145.625000,-,0.600000,Tone,94.8,94.8,023,NN,023,Tone->Tone,FM,5.00,,50W,"Gora Sleza EMITEL",,,,
230,SR6GL,438.750000,-,7.600000,,88.5,88.5,023,NN,023,Tone->Tone,FM,5.00,,50W,Glubczyce,,,,
231,SR6J,145.675000,-,0.600000,Tone,67.0,67.0,023,NN,023,Tone->Tone,FM,5.00,,50W,"Gora Szrenica/Szklarska Poreba",,,,
232,SR6JG,438.675000,-,7.600000,Tone,67.0,67.0,023,NN,023,Tone->Tone,FM,5.00,,50W,"Gora Kopa/Karpacz",,,,
233,SR6K,145.737500,-,0.600000,,88.5,88.5,023,NN,023,Tone->Tone,FM,5.00,,50W,Jugow,,,,
234,SR6L,439.200000,-,7.600000,Tone,67.0,67.0,023,NN,023,Tone->Tone,FM,5.00,,50W,Legnica,,,,
235,SR6LDV,438.250000,-,7.600000,,88.5,88.5,023,NN,023,Tone->Tone,DV,5.00,,50W,Legnica,,,,
236,SR6LWS,439.287500,-,7.600000,Tone,94.8,94.8,023,NN,023,Tone->Tone,FM,5.00,,50W,"Wielka Sowa",,,,
237,SR6LZM,438.600000,-,7.600000,Tone,103.5,103.5,023,NN,023,Tone->Tone,FM,5.00,,50W,Zmigrod,,,,
238,SR6MA,438.725000,-,7.600000,,88.5,94.8,023,NN,023,Tone->Tone,FM,5.00,,50W,"Gora Sleza EMITEL",,,,
239,SR6MI,439.337500,-,7.600000,,88.5,67.0,023,NN,023,Tone->Tone,FM,5.00,,50W,Milkowice,,,,
240,SR6MRU,439.300000,-,7.600000,,88.5,88.5,023,NN,023,Tone->Tone,FM,5.00,,50W,Wroclaw,,,,
241,SR6NR,439.425000,-,7.600000,,88.5,94.8,023,NN,023,Tone->Tone,FM,5.00,,50W,"Nowa Ruda-Slupiec",,,,
242,SR6OA,438.875000,-,7.600000,Tone,123.0,123.0,023,NN,023,Tone->Tone,FM,5.00,,50W,Olawa,,,,
243,SR6OO,439.250000,-,7.600000,Tone,123.0,123.0,023,NN,023,Tone->Tone,FM,5.00,,50W,Olesno,,,,
244,SR6OP,439.325000,-,7.600000,Tone,94.8,94.8,023,NN,023,Tone->Tone,FM,5.00,,50W,Opole,,,,
245,SR6PS,438.800000,-,7.600000,Tone,94.8,94.8,023,NN,023,Tone->Tone,FM,5.00,,50W,Swidnica,,,,
246,SR6R,145.600000,-,0.600000,Tone,103.5,103.5,023,NN,023,Tone->Tone,FM,5.00,,50W,Wroclaw,,,,
247,SR6RC,438.100000,-,7.600000,,88.5,103.5,023,NN,023,Tone->Tone,FM,5.00,,50W,Wroclaw,,,,
248,SR6RWS,438.200000,-,7.600000,,88.5,88.5,023,NN,023,Tone->Tone,DV,5.00,,50W,"Wielka Sowa",,,,
249,SR6S,145.787500,-,0.600000,Tone,94.8,94.8,023,NN,023,Tone->Tone,FM,5.00,,50W,"Wielka Sowa",,,,
250,SR6SO,439.412500,-,7.600000,,88.5,88.5,023,NN,023,Tone->Tone,DV,5.00,,50W,"Strzelce Opolskie",,,,
251,SR6T,438.550000,-,7.600000,,88.5,88.5,023,NN,023,Tone->Tone,DV,5.00,,50W,Bolkow,,,,
252,SR6TT,439.225000,-,7.600000,Tone,67.0,67.0,023,NN,023,Tone->Tone,FM,5.00,,50W,"BOLKOW STARE ROCHOWICE",,,,
253,SR6TW,438.750000,-,7.600000,,88.5,88.5,023,NN,023,Tone->Tone,DV,5.00,,50W,Chelstow,,,,
254,SR6UKB,439.262500,-,7.600000,Tone,94.8,94.8,023,NN,023,Tone->Tone,FM,5.00,,50W,"Kopa Biskupia",,,,
255,SR6UKR,438.425000,-,7.600000,,88.5,88.5,023,NN,023,Tone->Tone,DV,5.00,,50W,Krapkowice,,,,
256,SR6UPK,438.537500,-,7.600000,,88.5,67.0,023,NN,023,Tone->Tone,FM,5.00,,50W,,,,,
257,SR6UVO,439.387500,-,7.600000,Tone,94.8,94.8,023,NN,023,Tone->Tone,FM,5.00,,50W,"Elektrownia Opole Brzezie k/Opola",,,,
258,SR6UVW,439.012500,-,7.600000,,88.5,88.5,023,NN,023,Tone->Tone,DV,5.00,,50W,"Wroclaw - Dom Akademicki",,,,
259,SR6UVX,439.412500,-,7.600000,,88.5,103.5,023,NN,023,Tone->Tone,FM,5.00,,50W,Zmigrod,,,,
260,SR6UVY,439.212500,-,7.600000,,88.5,88.5,023,NN,023,Tone->Tone,FM,5.00,,50W,Olawa,,,,
261,SR6W,145.662500,-,0.600000,Tone,94.8,94.8,023,NN,023,Tone->Tone,FM,5.00,,50W,"Gora Chelmiec",,,,
262,SR6WB,439.362500,-,7.600000,,88.5,94.8,023,NN,023,Tone->Tone,FM,5.00,,50W,"Gora Chelmiec",,,,
263,SR6WR,438.850000,-,7.600000,Tone,103.5,103.5,023,NN,023,Tone->Tone,FM,5.00,,50W,Wroclaw,,,,
264,SR6WS,438.925000,-,7.600000,Tone,94.8,94.8,023,NN,023,Tone->Tone,FM,5.00,,50W,"Wielka Sowa",,,,
265,SR6WY,439.075000,-,7.600000,Tone,71.9,71.9,023,NN,023,Tone->Tone,FM,5.00,,50W,"Wysoka k. Gory Sw Anny",,,,
266,SR6XWS,439.562500,-,7.600000,,88.5,88.5,023,NN,023,Tone->Tone,DV,5.00,,50W,"Wielka Sowa",,,,
267,SR7ABZ,145.275000,-,0.600000,Tone,88.5,88.5,023,NN,023,Tone->Tone,FM,5.00,,50W,Busko-Zdroj,,,,
268,SR7CKD,145.575000,-,0.600000,,88.5,88.5,023,NN,023,Tone->Tone,DV,5.00,,50W,Lodz,,,,
269,SR7DBZ,438.562500,-,7.600000,,88.5,88.5,023,NN,023,Tone->Tone,FM,5.00,,50W,Busko-Zdroj,,,,
270,SR7DMR,438.275000,-,7.600000,,88.5,88.5,023,NN,023,Tone->Tone,DV,5.00,,50W,"Gora Kamiensk wieza EmiTel",,,,
271,SR7DSC,439.287500,-,7.600000,,88.5,88.5,023,NN,023,Tone->Tone,DV,5.00,,50W,Skierniewice,,,,
272,SR7DVK,438.325000,-,7.600000,,88.5,88.5,023,NN,023,Tone->Tone,DV,5.00,,50W,Kutno,,,,
273,SR7E,145.762500,-,0.600000,Tone,77.0,77.0,023,NN,023,Tone->Tone,FM,5.00,,50W,Belchatow,,,,
274,SR7FUS,438.612500,-,7.600000,,88.5,88.5,023,NN,023,Tone->Tone,DV,5.00,,50W,"Gora Kamiensk wieza EmiTel",,,,
275,SR7G,439.062500,-,7.600000,,88.5,88.5,023,NN,023,Tone->Tone,DV,5.00,,50W,Zlota,,,,
276,SR7HYT,145.625000,-,0.600000,,88.5,88.5,023,NN,023,Tone->Tone,DV,5.00,,50W,Lodz,,,,
277,SR7KFX,438.262500,-,7.600000,Tone,88.5,88.5,023,NN,023,Tone->Tone,FM,5.00,,50W,Wielenin,,,,
278,SR7KI,438.725000,-,7.600000,Tone,88.5,88.5,023,NN,023,Tone->Tone,FM,5.00,,50W,"RTCN Swiety Krzyz EmiTel - Lysa Gora/Nowa Slupia",,,,
279,SR7KU,438.925000,-,7.600000,,88.5,82.5,023,NN,023,Tone->Tone,FM,5.00,,50W,Kutno,,,,
280,SR7L,145.675000,-,0.600000,,88.5,77.0,023,NN,023,Tone->Tone,FM,5.00,,50W,Lodz,,,,
281,SR7LA,439.550000,-,7.600000,Tone,77.0,77.0,023,NN,023,Tone->Tone,FM,5.00,,50W,Lask,,,,
282,SR7LD,439.075000,-,7.600000,Tone,77.0,77.0,023,NN,023,Tone->Tone,FM,5.00,,50W,Lodz,,,,
283,SR7LDA,438.450000,-,7.600000,,88.5,88.5,023,NN,023,Tone->Tone,DV,5.00,,50W,Lodz,,,,
284,SR7LDD,438.225000,-,7.600000,,88.5,88.5,023,NN,023,Tone->Tone,DV,5.00,,50W,Lodz,,,,
285,SR7LDZ,438.350000,-,7.600000,Tone,77.0,77.0,023,NN,023,Tone->Tone,FM,5.00,,50W,Lodz,,,,
286,SR7LL,145.712500,-,0.600000,,88.5,88.5,023,NN,023,Tone->Tone,DV,5.00,,50W,Lodz,,,,
287,SR7MK,438.475000,-,7.600000,,88.5,88.5,023,NN,023,Tone->Tone,DV,5.00,,50W,"Lysa Gora/Nowa Slupia - RTCN Swiety Krzyz EmiTel",,,,
288,SR7OS,439.475000,-,7.600000,Tone,71.9,71.9,023,NN,023,Tone->Tone,FM,5.00,,50W,"Ostrowiec Swietokrzyski",,,,
289,SR7PB,438.650000,-,7.600000,Tone,118.8,88.5,023,NN,023,Tone->Tone,FM,5.00,,50W,Baltow,,,,
290,SR7SAN,439.062500,-,7.600000,,88.5,88.5,023,NN,023,Tone->Tone,DV,5.00,,50W,Koprzywnica,,,,
291,SR7SC,439.325000,-,7.600000,Tone,118.8,118.8,023,NN,023,Tone->Tone,FM,5.00,,50W,Skierniewice,,,,
292,SR7SI,438.825000,-,7.600000,Tone,77.0,77.0,023,NN,023,Tone->Tone,FM,5.00,,50W,Sieradz,,,,
293,SR7ST,439.150000,-,7.600000,Tone,110.9,110.9,023,NN,023,Tone->Tone,FM,5.00,,50W,"Staszow - wieza   Polkomtel Sp. z o.o. - Plus",,,,
294,SR7SZ,439.187500,-,7.600000,Tone,110.9,110.9,023,NN,023,Tone->Tone,FM,5.00,,50W,"Staszow - wieza Polkomtel Sp. z o.o.",,,,
295,SR7T,438.875000,-,7.600000,,88.5,88.5,023,NN,023,Tone->Tone,DV,5.00,,50W,Zlota,,,,
296,SR7TM,438.675000,-,7.600000,Tone,118.8,118.8,023,NN,023,Tone->Tone,FM,5.00,,50W,"Tomaszow Mazowiecki",,,,
297,SR7UAL,438.650000,-,7.600000,,88.5,88.5,023,NN,023,Tone->Tone,DV,5.00,,50W,Lodz,,,,
298,SR7ULM,439.500000,-,7.600000,Tone,88.5,74.4,023,NN,023,Tone->Tone,DV,5.00,,50W,Lodz,,,,
299,SR7USI,439.525000,-,7.600000,,88.5,88.5,023,NN,023,Tone->Tone,DV,5.00,,50W,Sieradz,,,,
300,SR7UTM,439.100000,-,7.600000,,88.5,88.5,023,NN,023,Tone->Tone,DV,5.00,,50W,"Tomaszow Mazowiecki",,,,
301,SR7UVK-B,439.125000,-,7.600000,,88.5,88.5,023,NN,023,Tone->Tone,DV,5.00,,50W,"Lysa Gora/Nowa Slupia - RTCN Swiety Krzyz EmiTel",,,,
302,SR7UVL-B,439.450000,-,7.600000,,88.5,88.5,023,NN,023,Tone->Tone,DV,5.00,,50W,Lodz,,,,
303,SR7UVV,439.487500,-,7.600000,,88.5,88.5,023,NN,023,Tone->Tone,DV,5.00,,50W,"Gora Kamiensk wieza EmiTel",,,,
304,SR7UWI,438.525000,-,7.600000,,88.5,88.5,023,NN,023,Tone->Tone,DV,5.00,,50W,Czastary,,,,
305,SR7V,145.625000,-,0.600000,Tone,88.5,88.5,023,NN,023,Tone->Tone,FM,5.00,,50W,"RTCN Swiety Krzyz EmiTel - Lysa Gora/Nowa Slupia",,,,
306,SR7VV,439.112500,-,7.600000,Tone,77.0,77.0,023,NN,023,Tone->Tone,FM,5.00,,50W,"Gora Kamiensk wieza EmiTel",,,,
307,SR7WI,439.000000,-,7.600000,,88.5,88.5,023,NN,023,Tone->Tone,FM,5.00,,50W,Dzialoszyn,,,,
308,SR7Z,145.600000,-,0.600000,,88.5,77.0,023,NN,023,Tone->Tone,FM,5.00,,50W,Lodz,,,,
309,SR7ZD,438.900000,-,7.600000,,88.5,77.0,023,NN,023,Tone->Tone,FM,5.00,,50W,"Zdunska Wola",,,,
310,SR7ZG,438.950000,-,7.600000,,88.5,77.0,023,NN,023,Tone->Tone,FM,5.00,,50W,Zgierz,,,,
311,SR8AGA,439.350000,-,7.600000,,88.5,103.5,023,NN,023,Tone->Tone,FM,5.00,,50W,Domaradz,,,,
312,SR8ALA,439.475000,-,7.600000,,88.5,88.5,023,NN,023,Tone->Tone,DV,5.00,,50W,Domaradz,,,,
313,SR8AVB,439.012500,-,7.600000,,88.5,88.5,023,NN,023,Tone->Tone,DV,5.00,,50W,"Biala Podlaska",,,,
314,SR8B,145.787500,-,0.600000,Tone,71.9,71.9,023,NN,023,Tone->Tone,FM,5.00,,50W,Lezajsk,,,,
315,SR8BB,438.875000,-,7.600000,Tone,103.5,103.5,023,NN,023,Tone->Tone,FM,5.00,,50W,"Bereznica Wyzna",,,,
316,SR8BD,438.875000,-,7.600000,Tone,103.5,103.5,023,NN,023,Tone->Tone,FM,5.00,,50W,"Biala Podlaska Pec",,,,
317,SR8BP,438.650000,-,7.600000,Tone,79.7,79.7,023,NN,023,Tone->Tone,FM,5.00,,50W,"Chotycze / Losice",,,,
318,SR8D,145.650000,-,0.600000,Tone,79.7,79.7,023,NN,023,Tone->Tone,FM,5.00,,50W,"Chotycze / Losice",,,,
319,SR8DE,439.300000,-,7.600000,,88.5,103.5,023,NN,023,Tone->Tone,FM,5.00,,50W,Debica,,,,
320,SR8DEF,438.425000,-,7.600000,,88.5,103.5,023,NN,023,Tone->Tone,FM,5.00,,50W,Debica,,,,
321,SR8DMR,438.837500,-,7.600000,,88.5,88.5,023,NN,023,Tone->Tone,DV,5.00,,50W,"Chotycze - RTCN Losice",,,,
322,SR8DRL,438.275000,-,7.600000,,88.5,88.5,023,NN,023,Tone->Tone,DV,5.00,,50W,Lublin,,,,
323,SR8DVP,438.450000,-,7.600000,,88.5,88.5,023,NN,023,Tone->Tone,DV,5.00,,50W,"Kazimierz Dolny",,,,
324,SR8ET,439.200000,-,7.600000,Tone,71.9,71.9,023,NN,023,Tone->Tone,FM,5.00,,50W,"Sanok - Urzad Miasta",,,,
325,SR8FM,434.400000,,0.000000,,88.5,77.0,023,NN,023,Tone->Tone,FM,5.00,,50W,Zawierzbie,,,,
326,SR8FWD,438.712500,-,7.600000,,88.5,88.5,023,NN,023,Tone->Tone,DV,5.00,,50W,Wlodawa,,,,
327,SR8GA,145.725000,-,0.600000,Tone,77.0,77.0,023,NN,023,Tone->Tone,FM,5.00,,50W,Pulawy,,,,
328,SR8J,145.700000,-,0.600000,,88.5,88.5,023,NN,023,Tone->Tone,FM,5.00,,50W,Jaroslaw,,,,
329,SR8JR,439.250000,-,7.600000,,88.5,67.0,023,NN,023,Tone->Tone,FM,5.00,,50W,Jaroslaw,,,,
330,SR8JS,438.800000,-,7.600000,Tone,103.5,88.5,023,NN,023,Tone->Tone,FM,5.00,,50W,"Jaslo - Gora Liwocz",,,,
331,SR8KP,439.575000,-,7.600000,Tone,71.9,71.9,023,NN,023,Tone->Tone,FM,5.00,,50W,Lezajsk-Giedlarowa,,,,
332,SR8KR,438.625000,-,7.600000,Tone,103.5,103.5,023,NN,023,Tone->Tone,FM,5.00,,50W,"RTCN Sucha Gora/Krosno EmiTel-Czarnorzeki 90",,,,
333,SR8KSR,438.925000,-,7.600000,Tone,103.5,103.5,023,NN,023,Tone->Tone,FM,5.00,,50W,Krosno,,,,
334,SR8L,145.675000,-,0.600000,Tone,67.0,67.0,023,NN,023,Tone->Tone,FM,5.00,,50W,"RTCN Lublin / Bozy Dar (Emitel)",,,,
335,SR8LBD,438.575000,-,7.600000,Tone,77.0,77.0,023,NN,023,Tone->Tone,FM,5.00,,50W,"RTCN Lublin / Bozy Dar (Emitel)",,,,
336,SR8LBT,430.100000,+,1.600000,,88.5,88.5,023,NN,023,Tone->Tone,DV,5.00,,50W,Lublin,,,,
337,SR8LKR,438.550000,-,7.600000,Tone,67.0,67.0,023,NN,023,Tone->Tone,FM,5.00,,50W,Krasnik,,,,
338,SR8LLB,439.250000,-,7.600000,,88.5,77.0,023,NN,023,Tone->Tone,FM,5.00,,50W,Lubartow,,,,
339,SR8LN,438.675000,-,7.600000,Tone,67.0,67.0,023,NN,023,Tone->Tone,FM,5.00,,50W,Lublin,,,,
340,SR8LSW,439.025000,-,7.600000,Tone,110.9,110.9,023,NN,023,Tone->Tone,FM,5.00,,50W,Swidnik,,,,
341,SR8LU,439.050000,-,7.600000,Tone,67.0,67.0,023,NN,023,Tone->Tone,FM,5.00,,50W,Lublin,,,,
342,SR8LUB,439.400000,-,7.600000,Tone,77.0,77.0,023,NN,023,Tone->Tone,FM,5.00,,50W,Lublin,,,,
343,SR8LUF,439.525000,-,7.600000,,88.5,88.5,023,NN,023,Tone->Tone,DV,5.00,,50W,Lublin,,,,
344,SR8LW,438.700000,-,7.600000,,88.5,67.0,023,NN,023,Tone->Tone,FM,5.00,,50W,"Lukow (Zbozowa 2)",,,,
345,SR8NP,145.762500,-,0.600000,Tone,186.2,88.5,023,NN,023,Tone->Tone,FM,5.00,,50W,Przemysl,,,,
346,SR8PL,439.087500,-,7.600000,Tone,118.8,118.8,023,NN,023,Tone->Tone,FM,5.00,,50W,"Kazimierz Dolny",,,,
347,SR8PPN,438.900000,-,7.600000,,88.5,67.0,023,NN,023,Tone->Tone,FM,5.00,,50W,"gm. Urszulin",,,,
348,SR8PU,438.850000,-,7.600000,Tone,118.8,118.8,023,NN,023,Tone->Tone,FM,5.00,,50W,"Kazimierz Dolny",,,,
349,SR8R,145.675000,-,0.600000,,88.5,71.9,023,NN,023,Tone->Tone,FM,5.00,,50W,Rzeszow,,,,
350,SR8RD,438.962500,-,7.600000,,88.5,88.5,023,NN,023,Tone->Tone,DV,5.00,,50W,"Stalowa Wola",,,,
351,SR8RSC,145.287500,,0.000000,Tone,71.9,71.9,023,NN,023,Tone->Tone,FM,5.00,,50W,Boguchwala,,,,
352,SR8RZE,439.287500,-,7.600000,Tone,71.9,71.9,023,NN,023,Tone->Tone,FM,5.00,,50W,Rzeszow,,,,
353,SR8S,145.712500,-,0.600000,Tone,123.0,123.0,023,NN,023,Tone->Tone,FM,5.00,,50W,Swidnik,,,,
354,SR8SD,439.325000,-,7.600000,Tone,123.0,123.0,023,NN,023,Tone->Tone,FM,5.00,,50W,Swidnik,,,,
355,SR8TPM,145.337500,,0.000000,Tone,71.9,71.9,023,NN,023,Tone->Tone,FM,5.00,,50W,,,,,
356,SR8U,145.687500,-,0.600000,,88.5,88.5,023,NN,023,Tone->Tone,FM,5.00,,50W,Baligrod,,,,
357,SR8UVB,439.412500,-,7.600000,,88.5,88.5,023,NN,023,Tone->Tone,DV,5.00,,50W,"Chotycze - RTCN Losice",,,,
358,SR8UVL,438.825000,-,7.600000,,88.5,88.5,023,NN,023,Tone->Tone,DV,5.00,,50W,Lublin,,,,
359,SR8UVP,439.462500,-,7.600000,,88.5,88.5,023,NN,023,Tone->Tone,DV,5.00,,50W,"Kazimierz Dolny",,,,
360,SR8UVS,438.325000,-,7.600000,,88.5,88.5,023,NN,023,Tone->Tone,DV,5.00,,50W,Swidnik,,,,
361,SR8UWD,438.512500,-,7.600000,,88.5,88.5,023,NN,023,Tone->Tone,DV,5.00,,50W,Wlodawa,,,,
362,SR8V,145.612500,-,0.600000,,88.5,103.5,023,NN,023,Tone->Tone,FM,5.00,,50W,Jaslo,,,,
363,SR8WD,438.975000,-,7.600000,Tone,103.5,103.5,023,NN,023,Tone->Tone,FM,5.00,,50W,Wlodawa,,,,
364,SR8Y,145.650000,-,0.600000,Tone,123.0,123.0,023,NN,023,Tone->Tone,FM,5.00,,50W,Rzeszow,,,,
365,SR8Z,145.750000,-,0.600000,Tone,77.0,77.0,023,NN,023,Tone->Tone,FM,5.00,,50W,"Feliksowka k/Zamoscia",,,,
366,SR8ZA,439.275000,-,7.600000,Tone,77.0,77.0,023,NN,023,Tone->Tone,FM,5.00,,50W,"Feliksowka k/Zamoscia",,,,
367,SR9A,145.775000,-,0.600000,,88.5,88.5,023,NN,023,Tone->Tone,FM,5.00,,50W,"Gora Wal - Tarnow",,,,
368,SR9AD,439.000000,-,7.600000,,88.5,88.5,023,NN,023,Tone->Tone,DV,5.00,,50W,Krakow,,,,
369,SR9AE,438.825000,-,7.600000,Tone,103.5,103.5,023,NN,023,Tone->Tone,FM,5.00,,50W,"Obserwatorium astronomiczne na Gorze Lubomir",,,,
370,SR9ASR,438.300000,-,7.600000,Tone,74.4,74.4,023,NN,023,Tone->Tone,FM,5.00,,50W,"Gora Zar",,,,
371,SR9BN,439.225000,-,7.600000,,88.5,88.5,023,NN,023,Tone->Tone,DV,5.00,,50W,Bedzin,,,,
372,SR9BSR,438.250000,-,7.600000,,88.5,74.4,023,NN,023,Tone->Tone,FM,5.00,,50W,"Gora Szyndzielnia",,,,
373,SR9CZ,439.175000,-,7.600000,,88.5,88.5,023,NN,023,Tone->Tone,DV,5.00,,50W,Czestochowa,,,,
374,SR9CZE,439.562500,-,7.600000,,88.5,67.0,023,NN,023,Tone->Tone,FM,5.00,,50W,Czestochowa,,,,
375,SR9D,145.675000,-,0.600000,,88.5,71.9,023,NN,023,Tone->Tone,FM,5.00,,50W,Bedzin,,,,
376,SR9DBN,438.475000,-,7.600000,,88.5,88.5,023,NN,023,Tone->Tone,DV,5.00,,50W,Myslowice,,,,
377,SR9DBY,439.150000,-,7.600000,,88.5,88.5,023,NN,023,Tone->Tone,DV,5.00,,50W,Bytom,,,,
378,SR9DJK,438.375000,-,7.600000,,88.5,88.5,023,NN,023,Tone->Tone,DV,5.00,,50W,"Wlodowice - Jura",,,,
379,SR9DLI,438.975000,-,7.600000,,88.5,88.5,023,NN,023,Tone->Tone,DV,5.00,,50W,"Limanowa Lipowe",,,,
380,SR9DMR,438.450000,-,7.600000,,88.5,88.5,023,NN,023,Tone->Tone,DV,5.00,,50W,Katowice,,,,
381,SR9DSK,438.525000,-,7.600000,,88.5,88.5,023,NN,023,Tone->Tone,DV,5.00,,50W,SZCZAWNICA,,,,
382,SR9E,145.725000,-,0.600000,Tone,71.9,71.9,023,NN,023,Tone->Tone,FM,5.00,,50W,"Siemianowice Slaskie",,,,
383,SR9GC,438.925000,-,7.600000,,88.5,88.5,023,NN,023,Tone->Tone,FM,5.00,,50W,Gliwice,,,,
384,SR9GP,438.650000,-,7.600000,Tone,107.2,107.2,023,NN,023,Tone->Tone,FM,5.00,,50W,"Mordarka - Lysa gora",,,,
385,SR9GR,438.537500,-,7.600000,Tone,162.2,162.2,023,NN,023,Tone->Tone,FM,5.00,,50W,"Gorlice maszt Emitel na Gorze Cmentarnej",,,,
386,SR9J,145.787500,-,0.600000,Tone,123.0,123.0,023,NN,023,Tone->Tone,FM,5.00,,50W,Czestochowa,,,,
387,SR9JG,439.462500,-,7.600000,Tone,71.9,71.9,023,NN,023,Tone->Tone,FM,5.00,,50W,Biskupice,,,,
388,SR9JK,438.800000,-,7.600000,,88.5,94.8,023,NN,023,Tone->Tone,FM,5.00,,50W,Wlodowice,,,,
389,SR9K,145.750000,-,0.600000,,88.5,103.5,023,NN,023,Tone->Tone,FM,5.00,,50W,"Siercza k/Wieliczki",,,,
390,SR9KD,438.950000,-,7.600000,,88.5,71.9,023,NN,023,Tone->Tone,FM,5.00,,50W,Sosnowiec,,,,
391,SR9KM,438.975000,-,7.600000,,88.5,71.9,023,NN,023,Tone->Tone,FM,5.00,,50W,"Krupski Mlyn",,,,
392,SR9KR,439.275000,-,7.600000,,88.5,88.5,023,NN,023,Tone->Tone,DV,5.00,,50W,"Choragwica k/Krakowa",,,,
393,SR9KS,438.900000,-,7.600000,Tone,103.5,103.5,023,NN,023,Tone->Tone,FM,5.00,,50W,"Siercza k/Wieliczki",,,,
394,SR9L,145.687500,-,0.600000,Tone,107.2,107.2,023,NN,023,Tone->Tone,FM,5.00,,50W,"Limanowa Lipowe",,,,
395,SR9LC,438.700000,-,7.600000,Tone,71.9,71.9,023,NN,023,Tone->Tone,FM,5.00,,50W,LUBECKO,,,,
396,SR9LC,145.000000,,0.000000,Tone,71.9,71.9,023,NN,023,Tone->Tone,FM,5.00,,50W,Lubecko,,,,
397,SR9LI,438.675000,-,7.600000,,88.5,88.5,023,NN,023,Tone->Tone,FM,5.00,,50W,Pasierbiec,,,,
398,SR9NJ,438.700000,-,7.600000,Tone,103.5,103.5,023,NN,023,Tone->Tone,FM,5.00,,50W,"Krynica Zdroj Jaworzyna (gorna stacja kolejki gondolowej",,,,
399,SR9NP,438.937500,-,7.600000,Tone,107.2,107.2,023,NN,023,Tone->Tone,FM,5.00,,50W,Prehyba,,,,
400,SR9NS,439.225000,-,7.600000,Tone,107.2,107.2,023,NN,023,Tone->Tone,FM,5.00,,50W,"Nowy Sacz",,,,
401,SR9NSC,145.337500,,0.000000,Tone,103.5,88.5,023,NN,023,Tone->Tone,DV,5.00,,50W,"Nowy Sacz",,,,
402,SR9OA,438.750000,-,7.600000,,88.5,107.2,023,NN,023,Tone->Tone,FM,5.00,,50W,"Wieza widokowa Dabrowa",,,,
403,SR9OKO,438.800000,-,7.600000,,88.5,88.5,023,NN,023,Tone->Tone,DV,5.00,,50W,Strzybnik,,,,
404,SR9OMP,431.337500,+,7.600000,Tone,77.0,77.0,023,NN,023,Tone->Tone,FM,5.00,,50W,Cieszyn,,,,
405,SR9P,145.662500,-,0.600000,,88.5,103.5,023,NN,023,Tone->Tone,FM,5.00,,50W,"Gora Koskowa POLKOMTEL",,,,
406,SR9PC,438.850000,-,7.600000,,88.5,103.5,023,NN,023,Tone->Tone,FM,5.00,,50W,"Gora Koskowa POLKOMTEL",,,,
407,SR9PJD,431.800000,+,7.600000,,88.5,88.5,023,NN,023,Tone->Tone,FM,5.00,,50W,Gliwice,,,,
408,SR9PS,439.250000,-,7.600000,Tone,67.0,67.0,023,NN,023,Tone->Tone,FM,5.00,,50W,Pszow,,,,
409,SR9RAC,439.575000,-,7.600000,Tone,67.0,67.0,023,NN,023,Tone->Tone,FM,5.00,,50W,Strzybniczek,,,,
410,SR9RC,438.675000,-,7.600000,Tone,67.0,67.0,023,NN,023,Tone->Tone,DV,5.00,,50W,Pogrzebien,,,,
411,SR9RSR,438.337500,-,7.600000,,88.5,88.5,023,NN,023,Tone->Tone,DV,5.00,,50W,Rybnik,,,,
412,SR9RT,145.637500,-,0.600000,Tone,103.5,103.5,023,NN,023,Tone->Tone,FM,5.00,,50W,"Mordarka - Lysa Gora 781 m n.p.m. (k. Limanowej)",,,,
413,SR9RT,438.637500,-,7.600000,Tone,103.5,103.5,023,NN,023,Tone->Tone,FM,5.00,,50W,"Mordarka - Lysa Gora 781 m n.p.m. k. Limanowej",,,,
414,SR9S,145.775000,-,0.600000,Tone,67.0,67.0,023,NN,023,Tone->Tone,FM,5.00,,50W,Wola,,,,
415,SR9S,439.412500,-,7.600000,Tone,67.0,67.0,023,NN,023,Tone->Tone,FM,5.00,,50W,Wola,,,,
416,SR9SK,439.375000,-,7.600000,Tone,67.0,67.0,023,NN,023,Tone->Tone,FM,5.00,,50W,Skrzyczne,,,,
417,SR9SR,438.487500,-,7.600000,,88.5,88.5,023,NN,023,Tone->Tone,DV,5.00,,50W,Rybnik,,,,
418,SR9SS,439.100000,-,7.600000,Tone,71.9,71.9,023,NN,023,Tone->Tone,FM,5.00,,50W,"Siemianowice Slaskie",,,,
419,SR9SZ,439.150000,-,7.600000,,88.5,88.5,023,NN,023,Tone->Tone,DV,5.00,,50W,"Siemianowice Slaskie",,,,
420,SR9TB,438.775000,-,7.600000,Tone,103.5,103.5,023,NN,023,Tone->Tone,FM,5.00,,50W,"Gora Wal - Tarnow",,,,
421,SR9TM,438.512500,-,7.600000,Tone,103.5,103.5,023,NN,023,Tone->Tone,FM,5.00,,50W,"Pcim - Kudlacze",,,,
422,SR9TR,439.175000,-,7.600000,,88.5,88.5,023,NN,023,Tone->Tone,DV,5.00,,50W,Tarnow,,,,
423,SR9TRZ,438.575000,-,7.600000,,88.5,88.5,023,NN,023,Tone->Tone,DV,5.00,,50W,Trzebinia,,,,
424,SR9UCZ,439.087500,-,7.600000,,88.5,88.5,023,NN,023,Tone->Tone,DV,5.00,,50W,Czestochowa,,,,
425,SR9UPZ,438.587500,-,7.600000,,88.5,88.5,023,NN,023,Tone->Tone,DV,5.00,,50W,Kleczany,,,,
426,SR9US,438.125000,-,7.600000,,88.5,88.5,023,NN,023,Tone->Tone,DV,5.00,,50W,"Ustron Gora Czantoria",,,,
427,SR9UV,439.337500,-,7.600000,,88.5,88.5,023,NN,023,Tone->Tone,DV,5.00,,50W,Wlodowice,,,,
428,SR9UVC,438.625000,-,7.600000,,88.5,88.5,023,NN,023,Tone->Tone,DV,5.00,,50W,Krakow,,,,
429,SR9UVJ,439.500000,-,7.600000,,88.5,88.5,023,NN,023,Tone->Tone,DV,5.00,,50W,"Jaworzyna Krynicka",,,,
430,SR9UVJ,439.500000,-,7.600000,,88.5,88.5,023,NN,023,Tone->Tone,DV,5.00,,50W,"Jaworzyna krynicka",,,,
431,SR9UVJ-B,439.500000,-,7.600000,,88.5,88.5,023,NN,023,Tone->Tone,DV,5.00,,50W,"Krynica Zdroj - Jaworzyna (gorna stacja kolejki gondolowej)",,,,
432,SR9DJC,145.787500,-,0.600000,,88.5,88.5,023,NN,023,Tone->Tone,DV,5.00,,50W,"Jaworzyna Krynicka",,,,
433,SR9UVM,439.400000,-,7.600000,,88.5,88.5,023,NN,023,Tone->Tone,DV,5.00,,50W,"Krakow - RTCN Choragwica EMITEL",,,,
434,SR9UVP,439.362500,-,7.600000,,88.5,88.5,023,NN,023,Tone->Tone,DV,5.00,,50W,"Gora Koskowa POLKOMTEL",,,,
435,SR9UVR,439.300000,-,7.600000,,88.5,94.8,023,NN,023,Tone->Tone,FM,5.00,,50W,"Gliczarow Gorny Maszt OSP",,,,
436,SR9UVT,439.237500,-,7.600000,,88.5,88.5,023,NN,023,Tone->Tone,DV,5.00,,50W,"Gora Koskowa POLKOMTEL",,,,
437,SR9UVZ,439.200000,-,7.600000,,88.5,88.5,023,NN,023,Tone->Tone,DV,5.00,,50W,"Gliczarow Gorny Maszt OSP",,,,
438,SR9UW,439.050000,-,7.600000,,88.5,88.5,023,NN,023,Tone->Tone,DV,5.00,,50W,Katowice,,,,
439,SR9VDM,438.200000,-,7.600000,,88.5,88.5,023,NN,023,Tone->Tone,DV,5.00,,50W,Lichwin,,,,
440,SR9VJK,438.312500,-,7.600000,,88.5,88.5,023,NN,023,Tone->Tone,DV,5.00,,50W,"Jaworzyna Krynicka",,,,
441,SR9VJP,438.587500,-,7.600000,,88.5,88.5,023,NN,023,Tone->Tone,DV,5.00,,50W,MUSZYNA,,,,
442,SR9VRJ,438.712500,-,7.600000,,88.5,88.5,023,NN,023,Tone->Tone,DV,5.00,,50W,"Obiekt Emitel RTON Gubalowka",,,,
443,SR9VVO,439.437500,-,7.600000,,88.5,88.5,023,NN,023,Tone->Tone,DV,5.00,,50W,Lichwin,,,,
444,SR9X,145.700000,-,0.600000,Tone,94.8,94.8,023,NN,023,Tone->Tone,FM,5.00,,50W,"Obiekt Emitel RTON Gubalowka",,,,
445,SR9Z,145.737500,-,0.600000,Tone,107.2,107.2,023,NN,023,Tone->Tone,FM,5.00,,50W,"Przehyba EMITEL",,,,
446,SR9ZAC,145.287500,,0.000000,Tone,107.2,88.5,023,NN,023,Tone->Tone,DV,5.00,,50W,"Koscielisko (Podhale)",,,,
447,SR9ZAR,439.537500,-,7.600000,Tone,67.0,67.0,023,NN,023,Tone->Tone,FM,5.00,,50W,"Gora Zar",,,,
448,SR9ZHP,145.287500,,0.000000,Tone,127.3,127.3,023,NN,023,Tone->Tone,FM,5.00,,50W,Bedzin,,,,
